title,content_length,lead_length,lead_length_ratio,num_header2_reference,num_refTag,num_ref_tag,num_page_links,num_cite_temp,num_non_cite_templates,num_categories,num_images_length,num_files_length,has_infobox,num_lv2_headings,num_lv3_headings,website_count,word_count,type
1789 Virginia's 5th congressional district election,37634,3405,0.09047669660413456,14,0,2,107,16,133,7,0.0020194504968911093,0.0003188606047722804,1,10,1,4,1721,FA
1950 United States Senate election in California,78420,4314,0.0550114766641163,0,0,0,248,33,340,4,0.0032517214996174446,0.00031879622545269063,1,8,16,6,2887,FA
2001 UEFA Cup Final,41355,3729,0.09017047515415307,0,0,45,228,44,86,11,0.001982831580220046,0.0005319792044492807,1,7,7,8,1405,FA
2010 United States Senate Democratic primary election in Pennsylvania,118421,4182,0.03531468236208105,0,0,122,299,121,52,7,0.0029217790763462564,0.00016888896395065065,1,8,10,58,3091,FA
Action of 13 January 1797,31864,3445,0.10811574190308812,0,0,43,107,9,38,4,0.0030755711775043936,0.0006904343459703741,1,7,4,2,1534,FA
Alcibiades,102356,3937,0.038463793036070185,0,0,172,328,71,65,16,0.00210051193872367,0.00016608699050373206,1,11,16,25,3742,FA
Allan Walters,38114,4338,0.11381644540064019,0,0,68,223,41,28,11,0.0026237078238967306,0.00034108201710657504,1,6,0,12,1451,FA
Bazy Tankersley,43901,4460,0.10159221885606251,5,0,52,148,44,34,15,0.0015489396596888453,0.00025056376847907793,1,9,5,37,1868,FA
Brad Pitt,147345,4444,0.030160507652108995,0,0,238,558,238,64,27,0.0017917133258678612,0.00019681699412942415,1,10,7,110,4014,FA
Cameroon,113193,13343,0.11787831403001953,0,0,203,588,85,144,13,0.0018994107409468783,0.0004770613023773555,1,14,23,102,4236,FA
Chad Harris-Crane,29614,4221,0.1425339366515837,0,0,29,128,29,14,8,0.002059836563787398,0.00010130343756331464,1,6,2,23,1350,FA
Circinus,29826,2560,0.08583115402668813,0,0,50,169,49,18,3,0.0017099175216254276,0.0001341111781667002,1,5,3,16,1473,FA
Crush (video game),33807,2705,0.08001301505605347,0,0,39,91,39,18,10,0.0017156210252314609,0.00017747803709290975,1,7,2,36,1458,FA
Denbies,44358,2468,0.05563821633076334,0,0,42,146,36,209,2,0.0018035078227151811,0.00013526308670363857,0,6,11,16,2006,FA
Emma Goldman,102823,5104,0.04963869951275493,0,0,207,494,26,70,80,0.0021395991169290917,0.00045709617498030595,1,8,30,29,3989,FA
Eris (dwarf planet),60174,7875,0.13087047562069998,0,0,72,206,65,104,12,0.0011466746435337522,9.971083856815236e-05,1,12,2,51,2299,FA
Evelyn Mase,28876,2876,0.09959828231056933,0,0,0,92,9,143,10,0.0025280509765895553,0.00013852334118298935,1,4,4,6,1314,FA
Flood (Halo),35191,1977,0.056179136711090906,0,0,51,110,50,15,9,0.0024153902986559063,0.0001989144951834276,0,6,4,26,1646,FA
Go Man Go,25005,3542,0.1416516696660668,0,0,36,61,20,55,7,0.0021995600879824036,7.998400319936013e-05,1,9,0,8,1216,FA
Henry Wells (general),33981,3777,0.1111503487242871,0,0,59,177,31,68,14,0.0022365439510314586,0.0002648538889379359,1,6,2,8,1281,FA
Hurricane Daniel (2006),16333,1769,0.10830833282311884,0,0,24,76,24,12,7,0.004040898793852936,0.00018367721790240617,1,4,0,11,786,FA
Hurricane Lane (2006),22168,1983,0.08945326596896427,0,0,33,92,33,14,6,0.001623962468422952,9.022013713460844e-05,1,7,0,15,1061,FA
Javan rhinoceros,49969,5909,0.11825331705657507,0,0,63,151,54,33,14,0.002641637815445576,0.00016009926154215612,0,11,4,33,2269,FA
Jupiter trojan,38488,4584,0.11910205778424444,0,0,38,134,39,49,2,0.0012731240906256496,0.0001818748700893785,0,11,3,16,1665,FA
Keldholme Priory election dispute,26150,1967,0.07521988527724666,0,0,0,85,13,142,7,0.001491395793499044,7.648183556405354e-05,0,5,5,2,1276,FA
Lambeosaurus,36632,3353,0.09153199388512775,0,0,38,199,30,28,8,0.0018835990390915047,0.0004640751255732693,0,9,6,8,1630,FA
Macaroni penguin,32150,3388,0.10538102643856921,0,0,49,124,33,34,12,0.0014930015552099534,0.00031104199066874026,0,8,4,17,1721,FA
Made in the Dark,35695,4163,0.11662697856842695,0,0,44,170,43,26,5,0.001877013587337162,0.0001120605126768455,1,9,12,42,1541,FA
Mesopropithecus,31490,3558,0.11298825023817084,0,0,30,137,27,165,5,0.002508732931089235,0.00019053667831057478,0,5,1,7,1271,FA
Noronha skink,37802,5274,0.139516427702238,0,0,75,151,0,34,6,0.00148140310036506,0.00026453626792233216,0,8,5,12,1692,FA
Olympic Games,174226,5604,0.03216511886859596,37,0,209,644,242,145,5,0.0014521368796850068,0.0002468058728318391,0,17,33,102,5019,FA
Opeth,80161,4732,0.05903119971058245,0,0,137,306,136,35,12,0.0018088596699142975,0.00019959830840433627,1,7,9,79,2692,FA
"Radcliffe, Greater Manchester",104341,3292,0.031550397255153774,0,0,191,405,123,144,5,0.0019934637390862653,0.00029710276880612606,1,16,9,62,3395,FA
Raptor Red,20798,2084,0.10020194249447062,0,0,26,117,22,7,5,0.003606115972689682,0.0003365708241177036,1,6,2,4,1251,FA
Rodent,122426,3666,0.02994461960694624,0,0,146,632,148,81,4,0.002409618871808276,0.0007269697613252087,0,9,20,61,5042,FA
Samantha Smith,39503,2728,0.0690580462243374,0,0,66,180,56,23,14,0.0021770498443156217,0.00010125813229374985,1,8,0,38,2008,FA
Shakespeare authorship question,157514,10684,0.06782889140012952,0,0,271,528,131,429,6,0.0016950874208006908,0.0002539456810188301,0,8,22,27,4847,FA
Silky shark,52654,5322,0.10107494207467618,0,0,52,206,41,50,12,0.001500360846279485,0.00034185437003836366,0,8,3,19,2428,FA
Smyth Report,36296,2769,0.07628939828080229,0,0,3,116,21,85,6,0.001956138417456469,0.0002479612078465947,1,8,0,13,1681,FA
St. Croix macaw,24939,2599,0.10421428285015438,0,0,15,121,15,40,9,0.0023256746461365733,0.00024058703235895585,0,4,0,8,1194,FA
Star Trek: The Motion Picture,150171,6617,0.04406310139773991,0,0,210,516,105,106,19,0.0016181553029546317,0.00012652243109521812,1,10,16,47,4888,FA
Susi Kentikian,45310,2655,0.0585963363495917,0,0,56,146,0,291,12,0.0022511586846170823,0.0003310527477378062,1,7,3,26,1592,FA
Temple of Eshmun,44937,4378,0.09742528428689054,0,0,58,231,47,38,13,0.0019582971715957896,0.00017802701559961726,1,10,5,11,2286,FA
The Phantom Tollbooth,44254,3303,0.07463732092014282,0,0,24,124,31,62,11,0.0017625525376237176,0.00011298413702716139,1,10,0,23,2202,FA
Trials of Mana,67132,3726,0.05550259190847882,0,0,71,182,48,59,13,0.002368468092712864,0.00023833641184531966,1,8,5,29,2393,FA
United States Military Academy,136634,7734,0.05660377358490566,0,0,261,510,198,56,22,0.0017857927016701554,0.00035130348229576823,1,14,26,80,4516,FA
White-eyed river martin,28039,3433,0.12243660615571168,0,0,36,103,34,16,6,0.003709119440778915,0.00017832305003744785,0,9,0,18,1445,FA
William Bostock,40687,3624,0.08907021898886622,0,0,57,194,14,46,16,0.0030722343746159707,0.0003440902499569887,1,6,3,9,1627,FA
Witchfinder General (film),67062,6339,0.09452446989353136,0,0,59,293,57,24,22,0.0030717843189883988,0.00014911574364021355,1,10,7,38,2891,FA
Yugoslav submarine Hrabri,13020,3080,0.23655913978494625,0,0,0,94,10,77,6,0.0007680491551459293,0.00015360983102918587,1,5,3,5,684,FA
2019 Champion of Champions,40914,2421,0.059172899252089746,0,0,41,189,41,120,6,0.001173192550227306,4.8883022926137754e-05,1,6,5,15,1029,FA
Alf Ramsey,137375,6092,0.044345768880800725,0,0,118,470,125,229,31,0.0023293903548680618,0.00031301182893539583,1,12,29,43,3819,FA
All You Need Is Love (JAMs song),22960,2389,0.10405052264808362,0,0,21,128,8,34,11,0.0014372822299651567,0.0,1,7,0,9,1157,FA
Barthélemy Boganda,33764,4228,0.1252221300793745,0,0,47,175,15,21,23,0.002191683449828219,0.0006219642222485488,1,5,4,7,1758,FA
Be Here Now (album),63148,5525,0.08749287388357509,0,0,82,207,36,96,6,0.0017736111990878571,4.750744283271046e-05,1,10,8,50,2471,FA
Boletus aereus,33994,3055,0.08986880037653704,0,0,50,143,50,20,8,0.0013825969288698006,0.00011766782373360004,0,6,3,13,1780,FA
Bootham Crescent,55132,3790,0.06874410505695422,0,0,100,184,100,13,9,0.002321700645722992,0.00036276572589421754,1,7,4,17,1779,FA
Bougainville counterattack,61694,3524,0.05712062761370636,0,0,93,145,25,43,7,0.004635783058320096,0.00019450838006937466,1,7,8,8,2089,FA
Bradley Joseph,61786,3392,0.0548991680963325,0,0,59,213,59,27,37,0.003075130288414851,8.092448127407504e-05,1,6,20,32,2286,FA
Cabbage,54660,2573,0.04707281375777534,0,0,92,292,62,48,5,0.0014635931211123307,0.00032930845225027445,1,11,8,27,2841,FA
Coalhouse Fort,42329,3608,0.08523707151125706,0,0,41,136,18,28,9,0.0020553284981927283,0.0002834935859576177,1,6,11,12,1951,FA
Congregation Baith Israel Anshei Emes,64328,3991,0.06204141275960701,0,0,87,363,14,52,8,0.0025183434896157196,0.00015545330182813082,1,6,8,27,2347,FA
Cycling at the 2008 Summer Olympics – Men's individual road race,59881,5178,0.08647150181192699,0,0,59,314,59,322,3,0.0014361817604916418,0.00023379703077770913,1,8,2,46,2035,FA
Devil May Cry (video game),44229,4602,0.10404937936647901,0,0,75,185,60,40,19,0.0014696240023513985,0.00013565760021705216,1,8,1,37,1815,FA
Disco Demolition Night,39588,3485,0.08803172678589472,0,0,28,190,36,62,24,0.0016166515105587552,0.0002020814388198444,1,9,2,29,2006,FA
E.T. the Extra-Terrestrial (album),25133,2318,0.09222933991166991,0,0,38,120,31,28,8,0.0010344964787331397,0.00015915330442048303,1,11,0,16,1229,FA
Europa (moon),102778,10738,0.1044776119402985,0,0,172,258,143,72,1,0.0011578353344100878,0.00012648621300278268,1,9,15,69,3958,FA
George V,92012,4205,0.045700560796417856,0,0,201,618,68,89,89,0.0020649480502543146,0.0003803851671521106,1,15,12,36,3603,FA
Giovanni Villani,46795,3265,0.06977241158243402,0,0,83,186,0,29,15,0.0023293086868255157,0.0005556149161235175,1,8,0,5,2308,FA
Herschel Greer Stadium,111116,5917,0.05325065697109327,0,0,142,440,146,92,14,0.0013139421865437922,0.00020699089240073436,1,9,11,43,3548,FA
Isabeau of Bavaria,64744,4183,0.06460830347213642,0,0,95,275,2,36,19,0.0025021623625355247,0.00037069072037563324,1,13,3,6,2726,FA
Jackie Robinson,154868,5776,0.037296278120722164,0,0,324,733,231,75,51,0.0014076503861352894,0.00019371335589017744,1,12,13,110,4633,FA
Jaekelopterus,34428,3023,0.0878064366213547,0,0,22,136,21,28,11,0.0011618450098756826,0.00029046125246892066,0,8,4,9,1454,FA
Joseph Grimaldi,67553,3309,0.048983760898849794,16,0,191,165,17,43,13,0.0021908723520791084,0.00023685106508963334,0,5,6,17,2781,FA
King Island emu,40670,4231,0.10403245635603639,0,0,28,145,28,14,8,0.004155397098598476,0.0003688222276862552,0,5,4,7,1757,FA
Laura Secord,49634,3543,0.07138252004674216,0,0,4,164,47,179,13,0.0016117983640246605,0.00020147479550308256,1,8,11,25,2150,FA
Meteorological history of Hurricane Dorian,40906,4616,0.11284408155282843,0,0,44,132,44,34,2,0.0022979514007725028,0.0001222314574878991,1,8,0,9,1239,FA
Norwich Market,58605,3732,0.06368057332992065,0,0,10,161,11,206,5,0.002559508574353724,0.00042658476239228736,0,10,6,8,2423,FA
O. G. S. Crawford,66629,3770,0.056581968812378994,0,0,1,303,19,256,15,0.004097314982965375,0.0002401356766573114,1,8,9,5,2750,FA
Octopus card,77695,3819,0.049153742197052576,0,0,105,200,104,33,6,0.002484072334127035,0.00019306261664199756,1,11,21,52,2570,FA
Odyssey Number Five,30822,5524,0.1792226331840893,0,0,43,200,42,34,4,0.002238660696904808,6.488871585231328e-05,1,10,5,17,1266,FA
Oldham,122459,4547,0.03713079479662581,0,0,126,663,135,172,7,0.0016250336847434652,0.00044096391445300057,1,16,15,71,3929,FA
Olmec colossal heads,88331,2950,0.03339710860286876,0,0,180,171,61,134,6,0.001539663311861068,0.00021510002151000216,0,10,7,37,2866,FA
Peter Martyr Vermigli,67784,5927,0.08743951374955741,0,0,0,314,41,237,13,0.00174082379322554,0.00022129116015578897,1,7,9,7,2458,FA
Polio,116292,8574,0.07372820142400165,0,0,157,398,162,99,7,0.0018401953702748255,0.00024077322601726687,1,13,18,67,3861,FA
Red River Trails,60963,2605,0.04273083673703722,0,0,87,181,30,39,9,0.005954431376408642,0.00037727802109476237,0,8,5,15,2232,FA
Red warbler,31298,2677,0.0855326218927727,0,0,36,126,34,19,5,0.0015975461690842865,0.0003195092338168573,0,8,5,15,1667,FA
Restoration of the Everglades,66396,4242,0.06388939092716428,0,0,92,194,24,56,4,0.0019730104223145972,0.00037652870654858727,0,10,8,29,2783,FA
Royal Artillery Memorial,40262,3686,0.0915503452386866,0,0,72,156,4,38,17,0.0017634494063881576,0.00034772241816104514,1,8,0,4,1935,FA
SMS Kaiser Barbarossa,22964,4476,0.1949137780874412,0,0,0,113,11,117,5,0.004703013412297509,0.00039191778435812574,1,5,3,1,1072,FA
SMS Thüringen,34662,4440,0.12809416652241648,0,0,1,149,13,189,4,0.0023945531129190467,0.0002596503375454388,1,4,6,1,1497,FA
Starship Troopers,79003,5779,0.07314912091945876,0,0,66,245,78,146,13,0.0020505550422135867,0.0001772084604382112,1,9,9,30,3037,FA
Streatham portrait,26762,2182,0.08153351767431433,0,0,11,87,18,100,6,0.006015992825648307,0.0002615649054629699,1,7,3,10,1166,FA
Toronto Raptors,142697,8139,0.05703693840795532,0,0,225,667,107,145,6,0.0014646418635290161,0.00020322781838440893,1,14,30,48,3739,FA
Upper Pine Bottom State Park,55431,3945,0.07116956215835904,0,0,58,241,59,62,7,0.0014793166278797064,0.00036080893362919664,1,8,3,21,2096,FA
Uriel Sebree,42892,2757,0.06427772078709316,0,0,68,190,74,75,9,0.002261493984892288,0.00018651496782616804,1,6,9,9,1787,FA
Wally Hammond,91726,6300,0.06868281621350544,0,0,247,245,79,28,25,0.0024856638248697206,0.00021804068639208075,1,9,18,9,2662,FA
"Washington, D.C.",169077,13685,0.08093945362172265,0,0,254,833,246,183,14,0.0015909910869012344,0.00039626915547354163,1,14,19,150,5068,FA
West Indian cricket team in England in 1988,96209,4751,0.049382074442100014,0,0,107,383,104,43,4,0.002525751229094991,7.275826585870344e-05,1,8,8,19,2208,FA
Western Chalukya architecture,58287,4631,0.0794516787619881,0,0,77,237,29,12,6,0.0024362207696398855,0.0005318510130903975,0,9,16,10,2027,FA
15th Sustainment Brigade,24104,2822,0.11707600398274146,0,0,18,124,1,16,3,0.004936939926983073,0.000829737802854298,1,6,6,12,1029,GA
1935 Jérémie hurricane,24969,3267,0.13084224438303496,0,0,31,94,31,45,11,0.004846009051223517,8.009932316071929e-05,1,4,3,6,1217,GA
2001 Macau Grand Prix,46343,3334,0.07194182508685239,0,0,34,226,34,126,4,0.0016183673909759835,0.0003452517100748765,0,6,4,21,1551,GA
25th Street station (BMT Fourth Avenue Line),19748,2850,0.1443184119910877,0,0,37,51,29,48,5,0.0023293498075754506,0.00020255215718047398,1,5,5,15,1036,GA
A Hunka Hunka Burns in Love,13701,1856,0.13546456463031895,0,0,10,65,10,10,4,0.0021166338223487335,0.00080286110502883,1,5,3,8,713,GA
Amy Winehouse,187216,5110,0.02729467566874626,1,0,309,675,311,72,38,0.0023769335954191948,0.00013887701905820015,1,19,16,143,4992,GA
Ars Conjectandi,31005,1697,0.05473310756329624,0,0,37,84,32,32,4,0.0013868730849862926,0.0002257700370907918,0,8,0,15,1591,GA
Back to Tennessee (song),19417,2203,0.11345727970335273,0,0,21,117,21,16,10,0.0014935365916464954,0.00025750630890456817,1,8,0,20,956,GA
Belknap Crater,49495,4051,0.08184665117688655,22,0,6,195,24,237,11,0.0020810182846752196,0.00010102030508132135,1,10,2,10,1775,GA
Bjaðmunjo Mýrjartaksdóttir,35015,2665,0.07611023846922747,0,0,56,304,63,16,8,0.0021133799800085677,0.0001713551335142082,1,7,2,14,1531,GA
"Butte, Montana",130625,7224,0.05530334928229665,0,0,147,385,166,139,8,0.0013856459330143542,0.00016842105263157895,1,20,21,95,4554,GA
Coney Island Cyclone,46530,2567,0.05516870836019772,0,0,74,89,64,69,7,0.002041693531055233,0.0001074575542660649,1,9,12,38,1706,GA
Cyclone Alessia,31314,2717,0.08676630261225012,0,0,44,101,44,33,5,0.003289263588171425,6.386919588682378e-05,1,5,2,8,1037,GA
Devil's Due (Star Trek: The Next Generation),16131,2660,0.16489988221436985,0,0,17,94,12,17,6,0.001983757981526254,0.0,1,7,1,7,904,GA
El Camino: A Breaking Bad Movie,142094,4334,0.0305009360001126,0,0,152,460,152,63,17,0.0019353385786873478,0.00013371430180021676,1,11,16,85,3745,GA
February 2010 Australian cyberattacks,17655,1900,0.10761823845935996,0,0,23,64,24,9,6,0.0019824412347776836,0.00022656471254602095,1,6,0,22,917,GA
Geography of Somerset,37978,2071,0.05453157090947391,0,0,52,272,52,30,1,0.0028964137132023804,0.00036863447258939384,0,9,5,31,1690,GA
Here I Stand (Usher album),89875,3936,0.04379415855354659,0,0,150,630,141,161,15,0.0015354659248956884,0.00014464534075104313,1,15,7,68,2734,GA
Holborn tube station,30668,4346,0.14171122994652408,0,0,30,138,30,75,9,0.0032281205164992827,0.00013042911177774878,1,9,9,17,1467,GA
If U Seek Amy,50317,3968,0.0788600274261184,0,0,75,281,71,63,14,0.0018880298904942663,0.00021861398732038874,1,14,5,48,2013,GA
Kronshtadt-class battlecruiser,28782,3635,0.12629421166006533,0,0,22,96,6,141,4,0.002258355916892502,0.00031269543464665416,1,6,6,2,1332,GA
Kʼinich Yoʼnal Ahk I,9494,1557,0.16399831472508952,0,0,16,58,6,11,4,0.0023172530018959344,0.00010532968190436065,1,5,2,2,646,GA
Lepiota babruzalka,6961,1153,0.16563712110328976,0,0,4,64,4,11,3,0.002442177848010343,0.00014365752047119666,0,6,1,1,503,GA
Lifeline (Stargate Atlantis),12424,2564,0.2063747585318738,0,0,10,91,10,7,2,0.0023341918866709595,8.048937540244688e-05,1,5,0,10,729,GA
Live Undead,9280,1607,0.17316810344827585,0,0,10,54,7,33,4,0.0009698275862068965,0.0,1,7,0,4,599,GA
Lysaker Station,23618,2884,0.12211025489033787,0,0,27,144,23,26,9,0.003387247014988568,0.0004657464645609281,1,5,4,13,1122,GA
Make It Happen (Mariah Carey song),40489,4063,0.10034824273259403,0,0,67,194,52,56,12,0.001358393637778162,7.409419842426337e-05,1,12,4,30,1747,GA
Mythodea,20784,1707,0.08213048498845266,0,0,30,92,29,14,4,0.0011547344110854503,0.0002886836027713626,1,6,5,13,1028,GA
Neil Harvey,97838,5543,0.056654878472577115,0,0,138,363,49,45,19,0.00407817003618226,0.00017375661808295345,1,15,1,13,3003,GA
Pokémon Diamond and Pearl,59345,4216,0.07104221080124695,0,0,98,303,90,42,16,0.0018535681186283596,0.0002527592889038672,1,10,9,45,2131,GA
Pressure system,16856,1349,0.08003084954912197,0,0,27,86,18,14,1,0.0020170859041290937,0.00029663028001898433,0,4,0,23,969,GA
Publishers Clearing House,30109,2120,0.07041084061244146,0,0,62,51,58,6,6,0.0032216280846258595,9.963798199873792e-05,1,6,7,41,1463,GA
Raid of Nassau,17797,2909,0.16345451480586615,0,0,30,94,6,27,13,0.003764679440355116,0.0005057032084059112,1,7,2,4,1014,GA
Remixed & Revisited,23872,1855,0.07770609919571046,0,0,36,145,30,58,11,0.0015080428954423592,0.0,1,8,4,18,1127,GA
SMS Nixe,16366,2769,0.16919222778931933,0,0,0,113,4,74,5,0.0029940119760479044,0.0006721251374801417,1,4,5,1,936,GA
Salimuzzaman Siddiqui,22332,4142,0.18547375962744045,0,0,20,182,13,22,20,0.002328497223714849,0.0004030091348737238,1,9,1,10,1163,GA
Saluki,32735,2820,0.08614632656178402,0,0,55,142,39,30,6,0.0024438674201924544,0.0003665801130288682,1,8,2,28,1819,GA
Solomon (magister militum),18026,1289,0.07150782203483856,6,0,21,91,4,43,12,0.004271607677798735,0.0002773771219349828,1,3,2,2,1048,GA
Sonic R,39060,4015,0.10279057859703021,0,0,53,196,44,28,12,0.0019201228878648233,0.00012800819252432156,1,8,3,26,1644,GA
Spider-Man: Into the Spider-Verse,113502,7052,0.06213106376980141,0,0,129,544,124,41,50,0.0021761731070818135,0.0001145354266885165,1,9,14,56,3206,GA
The Concert for Bangladesh,65980,3466,0.052531070021218554,27,0,183,336,3,74,10,0.0021370112155198544,0.0001970294028493483,1,12,2,23,2686,GA
The National (Scotland),37080,4703,0.1268338727076591,0,0,41,69,41,19,6,0.003802588996763754,5.393743257820928e-05,1,7,0,18,1125,GA
The Wolf and the Lion,19577,3758,0.19195995300607857,0,0,23,89,22,13,3,0.0022475353731419524,0.0003064820963375389,1,5,11,18,1196,GA
Time Gal,22450,2233,0.09946547884187082,0,0,40,133,38,19,21,0.0017817371937639199,0.00017817371937639198,1,8,0,25,1234,GA
Trópico (Ricardo Arjona album),15770,2039,0.12929613189600508,0,0,22,77,8,12,4,0.0007609384908053266,6.341154090044388e-05,1,7,1,14,764,GA
Tuvalu at the 2016 Summer Olympics,7090,1126,0.15881523272214387,0,0,9,29,9,11,3,0.0009873060648801129,0.00028208744710860365,1,4,0,9,471,GA
UFC 148,32066,2861,0.08922222915237323,0,0,43,190,44,22,5,0.0022453689265889104,0.00037422815443148507,1,8,6,21,1329,GA
Washington State Route 169,15919,2172,0.13644073120170866,0,0,24,68,21,33,2,0.0019473585024184937,0.00012563603241409635,1,5,0,12,826,GA
Washington State Route 24,31824,2684,0.08433886375062846,0,0,57,136,54,46,5,0.0014454499748617396,0.0001885369532428356,1,5,0,19,1244,GA
Xanny (song),30398,2603,0.08563063359431541,0,0,37,146,35,46,8,0.0015790512533719323,0.0003947628133429831,1,9,2,28,1311,GA
166th Aviation Brigade (United States),19701,4788,0.24303334856098674,0,0,24,118,5,15,4,0.004365260646667682,0.0012689711182173494,1,5,1,17,836,GA
2013–14 Norwich City F.C. season,110155,3530,0.03204575371068041,0,0,139,737,140,264,2,0.0009622804230402615,0.00020879669556533975,1,8,25,25,2186,GA
2014 Vermont gubernatorial election,62384,4352,0.06976147730187228,0,0,95,157,93,67,3,0.0021319569120287255,8.014875609130546e-05,1,13,25,52,2033,GA
"Ach Gott, wie manches Herzeleid, BWV 58",19555,4264,0.2180516491945794,0,0,12,141,13,59,2,0.0007159294298133469,0.00035796471490667347,1,6,5,12,932,GA
Alatskivi Castle,9630,1446,0.1501557632398754,0,0,6,47,12,20,8,0.0023883696780893043,0.00010384215991692627,1,7,0,7,654,GA
Aldermaston,105174,3751,0.035664708007682504,0,0,184,389,137,232,5,0.002614714663319832,0.00017114495978093444,1,15,14,72,3379,GA
Alexander Lukashenko,127737,14507,0.11356928689416536,0,0,240,369,204,72,27,0.001777088862271699,0.00014091453533431975,1,7,18,156,4270,GA
Art in modern Scotland,33886,1781,0.05255857876409137,0,0,58,183,4,68,4,0.002774006964528124,0.00050168211060615,0,4,16,16,1588,GA
Averroes's theory of the unity of the intellect,11328,1457,0.1286193502824859,0,0,1,57,3,37,2,0.0034427966101694915,0.00026483050847457627,0,5,6,2,633,GA
B. J. Prager,19501,2606,0.13363417260653299,0,0,32,92,32,9,9,0.00087175016665812,5.127942156812471e-05,1,7,2,16,701,GA
Baldwin effect,18683,1269,0.06792271048546807,0,0,22,42,30,18,2,0.0025156559439062248,0.00010704918910239256,0,7,0,8,1061,GA
Batman Begins,92557,4621,0.049925991551152266,0,0,120,569,116,155,43,0.001944747560962434,6.48249186987478e-05,1,10,12,87,3581,GA
Battle of Ngomano,11978,2533,0.2114710302220738,0,0,16,48,7,21,8,0.002588078143262648,0.0001669727834362999,1,6,0,3,736,GA
Bombing of Banski dvori,31911,2265,0.07097865939644636,0,0,0,142,34,99,5,0.002130926639716712,0.00012534862586568895,1,7,0,27,1413,GA
Brad Davison,14575,1373,0.0942024013722127,0,0,17,83,17,10,8,0.000960548885077187,0.000274442538593482,1,6,1,8,728,GA
Broadway Junction station,52695,4806,0.09120409906063194,0,0,61,198,59,113,12,0.0031312268716196983,0.0001707941929974381,1,9,1,29,1881,GA
Choristoneura fumiferana,51917,2007,0.038657857734460774,0,0,63,135,36,6,4,0.0023884276826473022,0.0002311381628368357,0,11,27,21,2390,GA
Clinton Railroad Bridge,21084,3919,0.18587554543729842,0,0,25,79,25,18,13,0.00597609561752988,0.0004742933029785619,1,6,4,18,980,GA
Coney Island,170961,5269,0.030819894595843497,0,0,304,426,285,224,10,0.001678745444867543,0.00020472505425213938,1,15,26,87,5056,GA
Divya Bharti,33593,3303,0.09832405560682285,0,0,66,149,67,30,10,0.004762897032119787,0.00020837674515524068,1,10,2,33,1362,GA
Flynn Rider,65503,3613,0.05515777903302139,0,0,104,223,104,25,7,0.0025953009785811337,0.00012213181075675924,1,4,5,91,2432,GA
HMS Hero (H99),20277,4438,0.21886866893524684,0,0,22,157,9,74,8,0.0015781427232825368,0.00029590176061547566,1,6,2,2,1097,GA
Halloween (The Office),15113,2849,0.1885132005558129,0,0,17,111,17,9,4,0.002183550585588566,0.00019850459868986966,1,6,0,14,834,GA
Harvest (Numbers),14317,2067,0.14437382133128449,0,0,13,75,13,5,2,0.0015366347698540198,6.984703499336453e-05,1,5,0,18,858,GA
"Jack King (footballer, born 1985)",41201,4937,0.1198271886604694,0,0,67,173,56,23,18,0.0019174291886119269,0.00021844129996844737,1,6,6,18,1009,GA
Japanese destroyer Hatsuzakura,9021,3206,0.3553929719543288,0,0,7,74,6,42,5,0.0013302294645826404,0.00011085245538188671,1,4,0,2,562,GA
José María Caro Martínez,25871,3595,0.13895867960264388,0,0,19,112,19,33,7,0.0009276796412972054,0.0005411464574233697,1,7,0,8,1225,GA
Kepler-10b,14592,2432,0.16666666666666666,0,0,18,65,13,24,7,0.0011650219298245613,0.00020559210526315788,1,5,1,11,897,GA
Killian Hayes,25784,2531,0.09816165063605337,0,0,44,148,44,23,13,0.0007756748371082842,0.0005041886441203848,1,8,4,26,1151,GA
Lavoy Allen,50648,2898,0.05721844890222714,0,0,87,286,86,35,20,0.001500552835255094,0.000157952930026852,1,7,16,32,1597,GA
Lisa vs. Malibu Stacy,17614,1909,0.10837969796752583,0,0,16,83,17,12,4,0.0012490064721244465,0.00011354604292040422,1,7,0,10,1080,GA
Loud Tour Live at the O2,35749,2235,0.06251923130716944,0,0,43,201,50,40,3,0.0014825589526979775,8.391843128479118e-05,1,10,0,37,1632,GA
Matt Kemp,72991,3351,0.045909769697633954,0,0,146,312,137,48,26,0.001233028729569399,0.00013700319217437766,1,8,19,47,2206,GA
Michael A. Monsoor,25548,2466,0.09652418976045092,0,0,23,122,29,48,15,0.0023093784249256302,0.0005088460936276812,1,8,11,23,1194,GA
Michael Grabner,35460,2099,0.05919345741680767,0,0,53,229,54,14,17,0.0013254371122391427,0.00016920473773265651,1,7,9,22,1252,GA
Rabeprazole,39080,7431,0.19014841351074718,0,0,33,186,33,28,11,0.0018935516888433982,0.00017911975435005116,0,12,22,15,1943,GA
Riesling,40188,4339,0.1079675525032348,0,0,48,284,2,50,1,0.0013934507813277595,0.00047277794366477557,1,13,9,23,1963,GA
Ronan O'Gara,74842,3659,0.048889660885599,0,0,149,270,149,70,19,0.0017503540792603084,0.00012025333368963951,1,11,16,31,1844,GA
Russian monitor Perun,9436,2868,0.3039423484527342,0,0,12,68,3,52,3,0.001695633743111488,0.000211954217888936,1,5,0,2,643,GA
Shivalik-class frigate,27302,7671,0.280968427221449,0,0,34,109,26,61,4,0.0038458720972822506,0.0001465094132298,1,7,3,29,1179,GA
"St Tyfrydog's Church, Llandyfrydog",16446,3679,0.22370181199075764,0,0,19,82,16,18,4,0.0026754225951599172,0.00012161011796181443,1,5,0,8,856,GA
Svalbard Rocket Range,6247,846,0.13542500400192092,0,0,10,31,10,13,6,0.0012806146950536258,0.00016007683688170322,0,3,0,8,432,GA
That We Can Play,15982,1525,0.09541984732824428,0,0,15,82,15,13,1,0.0024402452759354275,0.0004379927418345639,1,8,0,6,894,GA
The Lives of a Bengal Lancer (film),26652,3944,0.1479813897643704,6,0,25,179,11,34,14,0.0015383460903496923,0.00045024763619990995,1,9,6,15,1472,GA
Tropical Storm Cristobal (2008),14897,1519,0.1019668389608646,0,0,27,63,27,29,7,0.002886487212190374,0.00033563804792911323,1,6,0,11,688,GA
U.S. Route 4 in New York,30540,4426,0.14492468893254748,0,0,26,190,25,99,7,0.0012770137524557956,0.00042567125081859855,1,6,4,7,1011,GA
Wiesbaden-class cruiser,11709,3148,0.26885301904517894,0,0,12,83,9,66,4,0.0017934921854983346,0.00034161755914253995,1,5,4,1,720,GA
Wild Pilgrimage,10072,1552,0.15409054805401112,0,0,0,45,6,40,5,0.002581413820492454,0.0005957108816521049,0,6,1,3,658,GA
Winter in America,57788,2925,0.050616044853602826,0,0,63,269,12,43,5,0.0014362843496919775,0.00019035093791098498,1,13,3,35,2420,GA
X (The X-Files),15678,2016,0.1285878300803674,0,0,28,118,21,15,5,0.0020410766679423396,0.0010843219798443678,1,4,1,5,815,GA
2009 Illinois's 5th congressional district special election,25668,8230,0.3206326944054854,0,0,21,102,19,51,6,0.0017531556802244039,0.00015583606046439146,1,3,9,44,927,B
2012 Great Britain and Ireland floods,62277,2895,0.04648586155402476,0,0,118,232,111,11,10,0.0035004897474187903,0.00020874480145157925,1,8,10,49,2300,B
Andrew White (Jesuit),11133,1637,0.14704033054881882,0,0,7,102,3,10,11,0.0016168148746968471,0.00026946914578280785,1,7,0,4,771,B
Andy Laws,3643,3242,0.8899258852594016,0,0,4,27,4,8,8,0.0002744990392533626,0.0005489980785067252,1,2,0,2,215,B
Antony and Cleopatra,109113,3882,0.035577795496411976,0,0,92,282,54,79,11,0.002126236103855636,0.0001832962158496238,0,9,29,10,4182,B
Asia (band),59870,4592,0.07669951561717053,0,0,46,316,41,30,9,0.0011190913646233506,0.00020043427426089862,1,8,10,28,2131,B
Battle of Aegospotami,12780,2003,0.15672926447574334,0,0,21,70,4,19,7,0.0035993740219092333,0.00031298904538341156,1,7,3,4,855,B
Battle of Chantilly,14899,1717,0.11524263373380764,0,0,14,82,1,26,8,0.0035572857238740855,0.0006040673870729579,1,9,2,6,863,B
Battle of Hamel,48311,2949,0.06104199871664838,0,0,0,161,24,195,7,0.0019457266461054418,0.0003104882945912939,1,8,16,7,1928,B
Bilirubin,33378,4702,0.14087123254838516,0,0,46,111,38,33,5,0.001767631373958895,5.991970759182695e-05,0,12,9,20,1785,B
Caleb R. Layton,10682,1384,0.12956375210634713,0,0,2,71,5,43,10,0.0007489234225800412,9.361542782250516e-05,1,7,0,7,567,B
Cato the Elder,49245,2901,0.058909533962838864,0,0,47,291,16,90,15,0.0018682099705553863,0.00014214641080312722,1,8,25,10,2572,B
Charlotte Douglas International Airport,76844,5459,0.07104002914996617,0,0,86,482,85,36,8,0.003930040081203477,0.0002732809327989173,1,7,26,45,2424,B
Chemins de Fer d'Aire à Fruges et de Rimeux-Gournay à Berck,27672,2086,0.07538305868748194,2,0,0,102,2,194,6,0.004625614339404453,0.0002168256721595837,1,7,4,0,1173,B
Chia Thye Poh,21853,2890,0.13224728870178007,0,0,23,111,22,19,13,0.0021964947604447903,0.0001372809225277994,1,10,0,15,1195,B
"David Burton (cricketer, born 1985)",9891,3230,0.32655949853402083,0,0,11,60,1,7,8,0.00272975432211101,0.00040440804772014964,1,3,0,8,501,B
Death of Janice Marie Young,12130,2295,0.18920032976092332,0,0,16,31,16,11,7,0.003544929925803792,0.000247320692497939,1,5,0,17,677,B
F-X (Japan),54730,2872,0.05247579024301115,0,0,89,94,87,10,2,0.002430111456239722,0.00012790060295998537,1,4,15,34,2110,B
Fire in Babylon,8527,1934,0.2268089597748329,0,0,2,95,2,6,9,0.001524569016066612,0.00023454907939486337,1,4,0,3,570,B
Flow battery,53860,2780,0.05161529892313405,0,0,80,123,64,30,3,0.0012253991830672112,0.0001856665428889714,0,8,10,30,2324,B
Francis Rattenbury,17559,1003,0.057121703969474344,0,0,11,98,9,13,14,0.002221083205193918,0.0006264593655675153,1,8,1,14,1104,B
General recursive function,15644,2557,0.16344924571720787,0,0,7,33,7,36,2,0.0008949117872666837,6.392227051904884e-05,0,8,0,5,703,B
Harold Gimblett,33832,3159,0.09337313785764956,0,0,60,134,36,9,15,0.0019212579806100734,0.00011823126034523528,1,9,0,3,1454,B
Henry Grattan,31583,3978,0.1259538359243897,0,0,6,209,1,40,26,0.0024380204540417312,0.00031662603299243265,1,10,1,9,1535,B
Index of management articles,2783,2558,0.9191519942508085,0,0,0,75,0,3,3,0.0010779734099892202,0.0017966223499820337,0,1,0,0,178,B
John Haygarth (cricketer),4479,4022,0.8979682964947533,0,0,5,37,5,7,9,0.0006697923643670462,0.0008930564858227283,1,2,0,4,307,B
John W. Frederick Jr.,8185,1359,0.16603543066585216,0,0,6,87,6,6,15,0.0010995723885155772,0.00012217470983506414,1,5,0,6,519,B
Looting of Battleford,14956,4692,0.31372024605509496,0,0,12,69,12,20,8,0.0021396095212623694,0.0004680395827761434,1,6,0,7,773,B
Lunar Precursor Robotic Program,11780,3996,0.3392190152801358,0,0,19,37,15,17,3,0.002631578947368421,0.00016977928692699492,0,6,3,19,629,B
Northrop XFT,7407,1023,0.1381125961927906,0,0,9,48,2,14,4,0.004185230187660321,0.0005400297016335898,1,6,0,1,544,B
Old Assyrian Empire,87048,6926,0.07956529730723279,0,0,81,476,46,74,11,0.001941457586618877,0.00025273412370186566,1,11,24,17,3230,B
Owasippe Scout Reservation,2484,1970,0.7930756843800322,0,0,2,8,1,8,4,0.002012882447665056,0.0,1,2,0,5,239,B
Permanente Creek,34338,3912,0.11392626244976412,0,0,38,126,35,35,5,0.002941347777971926,0.00026210029704700334,1,9,5,24,1666,B
Pirates of the Caribbean Multiplayer Mobile,4501,1019,0.2263941346367474,0,0,2,13,2,6,6,0.0026660742057320595,0.00044434570095534326,1,5,0,3,378,B
Pundravardhana,13155,1801,0.13690611934625618,0,0,24,100,4,12,4,0.002812618776130749,0.0,1,9,3,3,846,B
Quartodecimanism,31137,2788,0.08953977582939911,0,0,9,129,17,77,8,0.0012846452773227993,6.423226386613996e-05,0,7,6,9,1486,B
Radamisto (Handel),17293,652,0.037703116868096916,0,0,13,74,12,11,5,0.0013300179263285722,0.0005204417972590065,0,7,3,12,1148,B
Rugby School,28805,3609,0.1252907481340045,0,0,45,135,37,23,12,0.002325985072036105,0.0004860267314702309,1,14,4,26,1541,B
Rwanda Development Bank,8864,1215,0.13707129963898917,0,0,13,43,8,8,4,0.0018050541516245488,0.0004512635379061372,1,12,0,7,573,B
Sash! discography,18999,1629,0.08574135480814779,0,0,21,106,26,26,2,0.0019474709195220802,5.2634349176272434e-05,1,3,2,19,573,B
Sefirot,54716,3517,0.0642773594561006,0,0,19,164,6,51,4,0.002174866583814606,0.00012793332845968273,0,14,13,7,2159,B
Skitch Henderson,13272,1346,0.101416515973478,6,0,11,110,9,19,15,0.00135623869801085,0.0004520795660036166,1,16,0,9,904,B
Sleeping car,38238,942,0.02463517966420838,2,0,22,237,19,32,2,0.007584078665202155,0.0006014958941367226,0,6,32,25,1862,B
"Slowly, Slowly",4586,2423,0.528347143480157,0,0,2,66,2,12,7,0.002398604448320977,0.0,1,5,0,1,348,B
Syria's Tomorrow Movement,16252,2706,0.16650258429731726,0,0,27,82,27,20,7,0.002030519320698991,0.00012306177701206005,1,4,0,22,881,B
Tanta,23101,6236,0.269945024024934,0,0,34,52,34,21,5,0.002380849313882516,4.328816934331847e-05,1,7,0,25,1220,B
Tommy Thorpe,7670,2365,0.30834419817470665,0,0,9,57,9,9,15,0.0010430247718383311,0.0005215123859191656,1,5,0,6,477,B
Visa requirements for British citizens,127095,1859,0.014626853928163971,0,0,479,240,265,816,2,0.0016444391990243518,6.294504111097998e-05,0,14,0,181,2881,B
William C. McInnes,12756,2201,0.17254625274380683,0,0,6,110,5,11,16,0.0031357792411414237,0.00047036688617121356,1,3,6,7,635,B
Zoetrope,38076,703,0.018463073852295408,0,0,55,151,48,7,11,0.0018384284063452043,0.0003676856812690409,0,12,14,33,2037,B
1st Motor Brigade (Australia),9575,1912,0.19968668407310705,0,0,12,59,12,4,3,0.0017754569190600521,0.0003133159268929504,1,4,0,2,449,B
2010 Lenox Industrial Tools 301,19922,3262,0.16373858046380885,0,0,15,165,15,13,3,0.0012548940869390624,0.000301174580865375,0,3,3,8,818,B
Angus Brayshaw,38209,2832,0.07411866314219163,0,0,69,116,69,53,7,0.0026695281216467326,0.00013085922164934963,1,5,0,14,1351,B
Area 88,27710,5307,0.1915193071093468,0,0,19,133,19,29,16,0.001912666907253699,0.00021652832912306028,1,6,9,15,1505,B
At Swim-Two-Birds,28826,1995,0.06920835356969403,0,0,46,119,27,39,9,0.0016651633941580518,0.00024283632831471587,1,9,3,13,1634,B
Baháʼí Faith in Japan,43247,6249,0.1444955719471871,0,0,83,148,48,43,1,0.0031447268018590883,6.936897357042108e-05,0,10,7,27,1912,B
Battle of San Juan de Ulúa (1568),22127,3443,0.15560175351380667,0,0,37,86,9,23,8,0.002756812943462738,0.00031635558367605187,1,6,0,3,1293,B
Boston Camera Club,53352,457,0.008565751986804619,21,0,66,174,0,6,9,0.0015369620632778528,0.0002811515969410706,0,12,24,23,2245,B
"Burbank, California",193713,9137,0.04716771718986335,0,0,187,643,170,199,9,0.0023178619917093844,0.00023230242678601849,1,11,30,106,5722,B
Caesarean section,111335,8549,0.07678627565455606,0,0,155,300,136,36,6,0.0013472852202811335,0.0001886199308393587,1,11,22,58,4195,B
Cobra Kai,105064,5002,0.04760907637249676,0,0,85,342,85,148,20,0.003778649204294525,3.807203228508338e-05,1,11,18,48,3106,B
Cornet,16121,1453,0.09013088518082005,0,0,14,106,8,22,2,0.0014267105018299113,0.0009304633707586378,1,7,6,10,999,B
Curtiss C-46 Commando,44764,2063,0.04608614064873559,0,0,63,247,3,109,8,0.004847645429362881,0.0005361451166115629,1,10,9,23,2277,B
De Havilland DH.71 Tiger Moth,5678,916,0.16132441000352238,0,0,1,19,2,15,5,0.004755195491370201,0.0003522367030644593,1,6,0,1,431,B
Dick's Sporting Goods,29619,2559,0.08639724501164793,0,0,62,75,60,27,10,0.0018906782808332488,0.00010128633647320976,1,6,2,43,1347,B
Driving (horse),11360,549,0.04832746478873239,0,0,3,97,0,9,2,0.0032570422535211268,0.001056338028169014,0,5,0,0,680,B
Enea Mihaj,8777,1618,0.18434544833086475,0,0,11,65,9,11,13,0.0017090121909536288,0.0002278682921271505,1,6,4,8,487,B
Frances Ivens,12038,1317,0.10940355540787507,0,0,12,56,5,10,12,0.0009137730520019936,0.0003322811098189068,1,7,0,6,723,B
Friedrich Ferdinand von Beust,18852,3245,0.17213027795459368,3,0,3,127,3,33,22,0.0019096117122851686,0.0005304476978569913,1,12,2,4,1038,B
G. A. R. Memorial Junior/Senior High School,16215,2377,0.14659266111625038,0,0,20,32,20,18,6,0.0006167129201356768,0.0,1,9,20,11,829,B
HMHS Letitia (1912),11219,2361,0.2104465638648721,0,0,10,64,10,26,10,0.0021392280951956504,0.0002674035118994563,1,5,1,11,716,B
HMS Elk (1804),9129,1649,0.18063314711359404,0,0,15,40,2,30,3,0.003286230693394676,0.00032862306933946765,1,3,0,3,661,B
Han Jue,3667,2412,0.657758385601309,0,0,11,39,0,17,3,0.0008181074447777475,0.0,1,2,0,2,309,B
Helmien Rambaldo,11022,10150,0.9208855017238251,0,0,17,52,0,6,11,0.0027218290691344584,9.072763563781528e-05,1,2,0,5,537,B
Hilarie Lindsay,36667,3401,0.09275370223907055,0,0,96,48,85,13,15,0.003763602149071372,5.4544958682193795e-05,1,7,9,24,1401,B
Høddvoll Stadion,20625,2740,0.13284848484848485,0,0,27,69,16,19,10,0.002084848484848485,0.00019393939393939395,0,6,0,9,917,B
"Jacksonville, Florida",171569,12596,0.0734165262955429,0,0,213,1079,182,154,14,0.002069138364156695,0.0006294843474054171,1,15,40,120,5700,B
Jacobite Army (1745),69380,2621,0.03777745748054194,14,0,112,208,34,19,3,0.0027817814932257134,0.0002882675122513693,1,8,9,2,2716,B
Kent County Cricket Club in 2008,79261,3414,0.04307288578241506,0,0,21,782,2,179,2,0.0016527674392197928,0.00020186472540089073,1,10,18,7,1622,B
Lassa fever,34065,5633,0.16536034052546603,0,0,43,105,42,17,9,0.001262292675766916,0.00023484514897989138,1,12,10,15,1734,B
Latin translations of the 12th century,39507,5570,0.1409876730705951,0,0,50,355,8,18,3,0.0023287012428177285,0.00022780773027564736,0,9,2,8,1806,B
Lodi (wrestler),18386,2053,0.11166104644838463,0,0,23,92,19,20,14,0.004296747525290983,0.00010877841836179702,1,8,5,21,1009,B
Malynda Hale,35297,1202,0.03405388559934272,0,0,68,106,68,27,12,0.0015582060798368133,0.00011332407853358643,1,8,6,55,1601,B
Mammary gland,47062,2781,0.05909226127236412,0,0,67,196,63,20,6,0.0013599082061960819,0.00010624282860906888,1,10,12,19,2246,B
Marie-Pierre Duros,14258,1278,0.08963388974610745,0,0,20,111,0,12,11,0.001262449151353626,0.00035068031982045167,0,6,3,14,644,B
New York State Route 263,11703,1794,0.15329402717251986,0,0,18,62,17,32,2,0.0011962744595402888,0.0002563445270443476,1,6,0,6,568,B
Obscenity trial of Ulysses in The Little Review,17628,1067,0.06052870433401407,0,0,36,56,4,8,5,0.0020422055820285907,0.00017018379850238256,0,7,0,8,1074,B
Occupational Safety and Health Act (United States),20732,3303,0.15931892726220337,0,0,24,65,2,19,8,0.001639976847385684,0.0001447038394752074,1,7,0,7,1165,B
Paradise Lost,49020,2449,0.04995920032639739,0,0,42,154,43,54,15,0.0018971848225214198,0.0002651978784169727,1,11,13,21,2292,B
Prince (musician),211028,8941,0.042368785184904376,26,0,341,1061,351,180,92,0.002250886138332354,0.00019902572170517658,1,17,19,179,6034,B
Principles of Optics,17852,1535,0.08598476361192023,0,0,14,65,32,9,11,0.00039211292852341475,0.00011203226529240422,1,7,3,12,790,B
Proceedings of the National Academy of Sciences of the United States of America,12743,4449,0.3491328572549635,0,0,24,54,21,12,8,0.001569489131287766,7.847445656438829e-05,1,5,1,9,799,B
Robert H. Williams (soldier),11731,1224,0.10433893103742221,0,0,5,88,5,14,10,0.0024720825164095133,0.00017048844940755265,1,5,4,4,673,B
Rohonczi Codex,26,26,1.0,0,0,0,1,0,0,0,0.0,0.0,0,0,0,0,7,B
Steven Bramhall,6504,5959,0.9162054120541205,0,0,5,48,5,7,7,0.0013837638376383763,0.0003075030750307503,1,2,0,2,322,B
Structural Building Trades Alliance,16719,729,0.04360308630898977,0,0,10,41,0,7,6,0.0019139900711765058,0.00011962437944853162,0,6,0,1,819,B
The Day of Revolution,12693,1400,0.11029701410226109,0,0,6,49,6,40,5,0.0014968880485306862,7.878358150161507e-05,1,5,2,3,718,B
The Domination,15169,1458,0.09611708088865449,0,0,6,73,1,20,7,0.002175489485134155,0.00026369569516777636,1,6,0,8,1004,B
Toyota Curren,5165,2512,0.48635043562439495,0,0,1,38,0,25,7,0.001548886737657309,0.0005808325266214908,1,3,2,1,338,B
"William ""Bill"" Hanley",16609,1485,0.08940935637305075,0,0,18,84,0,17,5,0.002107291227647661,6.020832078993317e-05,1,8,0,8,1031,B
2016 Republican Party presidential debates and forums,125848,380,0.0030195156061280275,0,0,194,446,190,485,2,0.001771978895175132,0.00023838281101010744,0,6,25,82,2984,C
2017–2018 Iranian protests,139352,26077,0.1871304322865836,0,0,195,291,184,60,13,0.0016720248005051954,0.00012199322578793271,1,10,13,86,3247,C
2018 NRA boycott,43012,1436,0.033386031805077654,0,0,98,130,95,6,9,0.002208685948107505,0.00020924393192597415,0,7,8,56,1701,C
5 Kolonne,18957,1670,0.08809410771746584,0,0,4,90,6,24,4,0.00422007701640555,0.0003692567389354856,1,4,2,6,812,C
Adelia Cleopatra Graves,8827,2305,0.26113062195536424,0,0,0,37,5,28,11,0.0009063101846607002,0.0,1,5,2,1,579,C
Amazon Elastic Compute Cloud,41065,2862,0.06969438694752222,0,0,76,133,71,30,6,0.0021429441129915986,0.00041397784000974064,1,10,10,30,1778,C
An Affair to Remember,14432,2329,0.16137749445676275,0,0,16,119,13,17,15,0.0037416851441241686,0.00020787139689578714,1,9,0,7,981,C
Architecture of Hong Kong,17804,2180,0.12244439451808582,0,0,8,142,6,11,3,0.004324870815547068,0.00039317007414064255,0,9,8,8,1102,C
Army Network Enterprise Technology Command,9718,1659,0.17071413871166907,0,0,4,43,1,13,5,0.0015435274747890512,0.0005145091582630171,1,6,8,5,592,C
Audi Quattro,45324,2655,0.05857823669579031,0,0,31,277,32,178,10,0.0015664989850851646,0.0005515841496778748,1,11,11,32,1850,C
Battle of Sidi Bou Othman,24281,1632,0.06721304723858161,0,0,44,105,0,7,6,0.0028417281001606193,0.00028829125653803385,1,8,0,4,1398,C
Canadian Bank of Commerce,9668,1205,0.12463798096814233,0,0,20,65,10,9,8,0.0008274720728175424,0.0004137360364087712,1,5,0,7,524,C
Cancer in cats,21928,2340,0.10671287851149215,0,0,22,121,17,6,1,0.001459321415541773,0.0004560379423568041,0,9,10,14,1263,C
Charlotte Delbo,10069,1201,0.1192769887774357,0,0,1,84,1,9,14,0.002085609295858576,0.00039725891349687157,1,4,5,1,753,C
Chronicle of a Disappearance,16092,2579,0.16026597066865522,0,0,14,104,2,10,6,0.0016778523489932886,0.00012428535918468804,1,7,0,14,1014,C
Col. Crawford Burn Site Monument,5188,4876,0.9398612181958366,0,0,5,32,0,9,5,0.005782575173477255,0.0005782575173477255,1,1,0,4,408,C
Dissolution of Czechoslovakia,39390,918,0.023305407463823306,0,0,35,166,25,21,11,0.0014216806296014216,0.00027925869510027926,0,9,13,31,2052,C
Erle V. Painter,8665,1949,0.22492787074437393,0,0,17,33,17,14,6,0.005885747259088287,0.0002308136180034622,1,4,2,5,593,C
FIDE Grand Swiss Tournament 2019,218287,1864,0.00853921671927325,0,0,10,188,0,1850,4,0.00020156949337340292,5.039237334335073e-05,0,5,2,6,998,C
First encirclement campaign against the Jiangxi Soviet,16511,1969,0.11925383077948035,0,0,0,63,0,10,6,0.003936769426442978,0.0007267882018048574,1,8,11,0,765,C
Fontanellar gun,5571,4312,0.7740082570454138,0,0,7,18,7,1,2,0.001795009872554299,0.0,0,2,0,2,461,C
Fuck wit Dre Day (And Everybody's Celebratin'),15087,1966,0.13031086365745342,0,0,11,128,10,24,13,0.0013919268244183733,0.00039769337840524953,1,10,2,7,826,C
Gestures in language acquisition,18634,2377,0.1275625201245036,0,0,23,23,21,2,2,0.001019641515509284,5.366534292154127e-05,0,7,2,3,934,C
Glass databases,3994,316,0.07911867801702553,0,0,7,26,1,3,4,0.003254882323485228,0.0,0,4,0,5,303,C
Golden Bed,5544,1945,0.3508297258297258,0,0,4,26,4,14,4,0.001443001443001443,0.0,1,3,0,4,425,C
Government of Sweden,25123,1678,0.06679138637901524,0,0,9,182,11,70,6,0.0015125582135891414,0.00023882498109302234,1,9,4,6,873,C
Horror Show (album),7103,3006,0.423201464170069,0,0,3,54,3,9,5,0.0014078558355624384,0.0002815711671124877,1,4,5,4,487,C
Jewish Museum of Belgium shooting,74432,3310,0.0444701203783319,0,0,78,255,75,18,29,0.0020824376612209802,0.0002015262252794497,1,6,19,40,2368,C
Landlord,21730,942,0.04335020708697653,0,0,22,106,18,16,2,0.002393005062126093,0.00027611596870685687,0,8,5,20,1220,C
Lella Secor Florence,4314,701,0.16249420491423272,0,0,9,32,5,10,9,0.002086230876216968,0.0002318034306907742,1,3,0,3,331,C
Little Brown Jugette,8826,1037,0.11749376841151145,0,0,3,61,0,3,5,0.0015862225243598459,0.0,1,4,0,3,678,C
Little cherry disease,14223,1899,0.13351613583632146,0,0,17,30,14,4,3,0.0007733952049497294,0.00014061730999085988,0,7,0,8,820,C
Lyapunov exponent,24718,1424,0.05760983898373655,0,0,19,42,27,3,1,0.0008495832996197103,0.00012136904280281576,0,13,1,10,1178,C
MV Retriever,3933,2853,0.7254004576659039,0,0,1,22,4,17,4,0.002288329519450801,0.0,1,4,0,3,344,C
Mayonnaise,32759,2452,0.07484965963552001,0,0,64,148,57,25,7,0.004945205897615922,0.0003357855856405873,1,9,7,36,1863,C
Minoru (horse),21842,2216,0.10145591063089461,0,0,35,117,35,6,6,0.001831334126911455,0.00022891676586393189,1,6,6,5,1076,C
Monica Gandhi,14812,885,0.059748852281933565,0,0,28,50,31,14,6,0.0013502565487442614,0.00013502565487442613,1,5,1,24,870,C
Musa basjoo,6071,1469,0.24197002141327623,0,0,10,24,7,19,6,0.001647175094712568,0.00016471750947125678,0,5,3,6,508,C
Nergis Mavalvala,22684,3510,0.15473461470640099,0,0,43,116,38,9,43,0.0014988538176688416,4.4083935813789454e-05,1,6,3,33,1036,C
Nissan 300ZX,48989,2668,0.05446120557676213,0,0,43,210,35,85,9,0.0025311804690848964,0.00018371471146583928,1,7,10,31,2200,C
Philip Anschutz,44034,3500,0.07948403506381432,0,0,58,175,38,33,36,0.003292910024072308,9.08388972157878e-05,1,3,9,48,1824,C
ROSAT,21307,5548,0.2603839113906228,0,0,21,81,22,35,6,0.0013610550523302201,0.00023466466419486554,1,11,6,18,1139,C
Ruger Standard,36559,2037,0.055718154216472006,0,0,38,131,7,95,3,0.0020788314778850624,0.00035558959490139227,1,8,10,14,1390,C
Rüdiger Emshoff,18172,3216,0.1769755668060753,0,0,28,76,28,10,4,0.003907109839313229,0.0,1,10,0,16,988,C
Salpingoeca rosetta,6099,2906,0.4764715527135596,0,0,7,23,7,5,2,0.0018035743564518774,0.00016396130513198886,0,4,0,0,452,C
Seán Loftus (hurler),13075,1713,0.1310133843212237,0,0,17,70,17,16,7,0.0021414913957934992,0.0,1,4,5,5,522,C
Surface chemistry of cooking,19408,661,0.03405812036273702,0,0,9,25,2,3,3,0.0026793075020610057,0.00015457543281121187,0,4,9,7,959,C
The Hunters (novel),34204,1939,0.05668927610805754,0,0,25,113,9,13,10,0.002631271196351304,0.0003215998128873816,1,7,5,3,1829,C
Vaira Vīķe-Freiberga,26443,3305,0.12498581855311425,0,0,23,176,27,26,26,0.003706084786143781,0.0010588813674696517,1,11,0,19,1387,C
Virginia Defense Force,29368,4178,0.142263688368292,0,0,14,129,14,13,2,0.002724053391446472,0.0011236720239716697,1,12,9,12,1386,C
Advanced disaster management simulator,12828,1666,0.1298721546616776,0,0,10,24,10,2,6,0.004599314000623636,0.0,0,7,2,13,834,C
Aino Sibelius,7805,1276,0.16348494554772583,2,0,2,42,7,10,7,0.0029468289557975655,0.0007687379884689302,1,6,4,4,525,C
Alberta Highway 19,10735,2517,0.2344666977177457,0,0,13,55,12,37,2,0.0013972985561248254,0.0004657661853749418,1,5,0,6,536,C
Beijing railway station,22653,3776,0.16668873879839316,0,0,12,125,11,47,4,0.007592813313909858,0.00026486558071778574,1,5,6,14,1156,C
Bitchcraft (Blood on the Dance Floor album),6040,1220,0.20198675496688742,0,0,10,22,8,6,3,0.0004966887417218543,0.0,1,6,0,5,382,C
Canada's History,8151,2035,0.2496626180836707,0,0,3,27,3,5,7,0.000981474665685192,0.000122684333210649,1,3,4,8,544,C
Cherri Gilham,10448,617,0.059054364471669216,0,0,15,55,12,13,7,0.002105666156202144,9.571209800918837e-05,1,3,4,18,694,C
Cleobury Mortimer,15979,2994,0.18737092433819388,0,0,14,106,6,21,5,0.0023155391451279805,0.00031291069528756495,1,9,0,12,1040,C
Confrontation Clause,15050,1837,0.12205980066445182,0,0,17,33,0,9,4,0.0033222591362126247,0.00019933554817275749,0,9,2,4,773,C
Dating violence,9301,1948,0.20943984517793784,0,0,6,34,2,10,5,0.0025803677023975916,0.0,0,6,5,16,684,C
Direct Currents,16412,125,0.007616378259809895,0,0,7,135,4,4,2,0.0010358274433341457,0.00012186205215695832,0,5,2,5,737,C
Eddie Plank,20821,2467,0.1184861437971279,0,0,29,119,28,34,11,0.0010085970894769703,0.00024014216416118342,1,8,0,13,1044,C
Geoffrey Eley,5281,1330,0.25184624124218896,0,0,9,47,5,19,12,0.0009467903806097331,0.0003787161522438932,1,5,0,1,361,C
German submarine U-15 (1936),8183,2537,0.3100329952340218,0,0,2,62,7,64,12,0.0010998411340584137,0.0,1,6,0,2,526,C
Gulf Air,43978,1809,0.04113420346536905,0,0,70,236,65,52,7,0.007299104097503297,0.0003410796307244531,1,7,14,35,1882,C
Hall J. Kelley,9835,1383,0.140620233858668,0,0,4,84,2,7,7,0.0028469750889679717,0.0005083884087442806,1,7,0,4,674,C
Have a Little Faith (book),13953,922,0.06607897943094675,0,0,17,41,2,7,4,0.004443488855443274,0.00021500752526338422,1,5,2,21,895,C
Jelena Dorotka,6694,583,0.08709291903196893,0,0,2,30,3,24,9,0.00313713773528533,0.00014938751120406333,0,7,0,3,486,C
Jessica Dominguez,12978,5209,0.40137155185698875,0,0,14,38,14,4,8,0.0006934812760055479,0.0,1,4,0,13,695,C
Kahler v. Kansas,15969,2304,0.144279541611873,0,0,16,50,12,9,6,0.00037572797294758596,0.0003131066441229883,1,5,5,12,822,C
L. Taylor Hansen,11558,1307,0.11308184807060045,0,0,20,44,5,10,19,0.0016438830247447655,0.0005191209551825575,1,7,0,3,752,C
Lise la Cour,5751,2130,0.37037037037037035,0,0,5,37,5,3,9,0.0022604764388801948,0.0005216484089723526,0,4,0,5,403,C
List of Ai Yori Aoshi episodes,15663,4802,0.3065823916235715,0,0,10,20,10,85,2,0.000957670944263551,6.384472961757006e-05,0,2,2,5,508,C
Lola Maja,11496,2882,0.25069589422407795,0,0,11,102,11,9,23,0.002348643006263048,0.0003479471120389701,1,7,1,11,650,C
Manuel Dorrego,7757,2090,0.26943405955910793,0,0,7,71,1,15,15,0.0012891581797086502,0.00051566327188346,1,4,0,0,489,C
Margate Sands railway station,4698,1270,0.27032779906343124,0,0,2,21,3,26,6,0.00744997871434653,0.0,1,4,0,1,367,C
Mariana Wolfner,12043,1589,0.13194386780702483,0,0,22,71,21,15,14,0.0007473220958232998,0.0001660715768496222,1,4,0,18,648,C
Matt Deitsch,16542,1422,0.08596300326441784,0,0,30,101,28,12,28,0.0015717567404183292,0.00024180872929512756,1,7,0,19,885,C
Matthew William Kemble Connolly,9721,187,0.019236704042793953,0,0,15,56,1,14,7,0.0019545314268079417,0.0,0,5,0,6,633,C
Minnesota State Highway 253,3949,1711,0.4332742466447202,0,0,6,15,5,17,2,0.0005064573309698658,0.0005064573309698658,1,5,0,5,290,C
Misuse of statistics,43585,1096,0.025146265917173338,0,0,17,78,29,40,2,0.0015831134564643799,6.883101984627739e-05,0,7,15,12,2122,C
Navigatori-class destroyer,10443,1779,0.1703533467394427,0,0,5,56,9,57,2,0.0011490950876185005,0.00038303169587283346,1,5,0,3,712,C
New Mexico State Road 146,3931,1424,0.36224879165606716,0,0,3,24,3,17,2,0.0012719409819384382,0.0,1,6,0,2,281,C
Nicolaus von Below,6994,1107,0.15827852444952817,0,0,1,46,4,28,7,0.0014297969688304261,0.00042893909064912783,1,6,1,1,535,C
Northern river shark,10506,1818,0.173043974871502,0,0,5,84,3,17,11,0.001237388159147154,0.0004759185227489054,0,6,0,5,714,C
Ophiura ophiura,6980,1358,0.19455587392550144,0,0,9,42,2,6,3,0.0018624641833810888,0.00014326647564469913,0,5,0,6,558,C
Panic of 1837,27841,2608,0.09367479616393089,0,0,26,69,40,8,7,0.002801623504902841,0.0002873460005028555,0,7,0,15,1486,C
Renée Fleming,93864,4119,0.04388263871132703,0,0,157,691,75,37,24,0.0013849825279127247,0.00023438165856984574,1,13,10,86,3414,C
Scorched earth,56702,3673,0.06477725653416105,0,0,60,403,45,50,4,0.0025219568974639344,0.00035272124440055027,0,9,34,27,2876,C
Shooting of Daniel Shaver,26274,3871,0.1473319631574941,0,0,38,88,36,12,14,0.004224708837634163,0.0,1,6,5,24,1065,C
Smoking (cooking),27422,3778,0.13777259135001094,0,0,24,180,15,34,5,0.0022974254248413683,0.000656407264240391,0,12,14,14,1548,C
Super-resolution photoacoustic imaging,27553,452,0.016404747214459406,0,0,11,11,11,3,1,0.0010888106558269517,0.0,0,6,12,2,1213,C
The Lego Batman Movie,72300,5022,0.06946058091286307,0,0,96,540,94,50,44,0.0017012448132780083,0.00019363762102351313,1,11,7,57,2783,C
The Rapids Theatre,14989,2044,0.1363666688905197,0,0,17,97,0,6,4,0.0016011741944092334,0.00020014677430115418,1,6,0,3,993,C
Tom Cribb,7930,1094,0.13795712484237074,4,0,8,60,6,12,6,0.002269861286254729,0.00037831021437578815,1,6,1,5,631,C
Transport in Aberdeen,15522,744,0.04793196752995748,0,0,5,148,3,7,2,0.003736631877335395,0.0007730962504831851,0,9,5,3,928,C
Type 004 aircraft carrier,8570,4312,0.5031505250875146,0,0,12,48,11,9,3,0.0045507584597432905,0.00011668611435239207,1,4,2,9,519,C
Valaciclovir,15885,4500,0.28328611898017,0,0,21,93,21,21,10,0.001762669184765502,0.00012590494176896444,0,7,1,11,1035,C
Walton-on-the-Hill,11432,1706,0.1492302309307208,0,0,22,86,3,16,2,0.0019244226731980406,0.0001749475157452764,1,7,4,17,817,C
Willem van Heythuysen Posing with a Sword,5519,1383,0.2505888747961587,0,0,4,31,0,5,3,0.006160536329045117,0.0007247689798876608,1,3,0,3,452,C
1946 Cleveland Indians season,13687,1229,0.0897932344560532,0,0,7,176,0,69,3,0.00021918608898955212,0.0005114342076422883,0,7,11,4,713,Start
2013 Intersport Heilbronn Open,3570,651,0.18235294117647058,0,0,0,54,0,47,4,0.004201680672268907,0.00028011204481792715,0,4,6,1,241,Start
Address Downtown,15482,1512,0.09766180080093011,0,0,30,40,25,24,4,0.007040434052448004,0.0,1,6,0,24,824,Start
AppleShare,6021,2784,0.4623816641753862,0,0,2,39,2,1,5,0.002325195150307258,0.00016608536787908985,0,4,0,4,405,Start
Argument (horse),11837,1915,0.16178085663597194,0,0,11,81,11,4,4,0.0033792346033623384,0.0,1,6,3,6,750,Start
Armenian Railways Museum,4376,3801,0.868601462522852,0,0,7,14,2,11,3,0.009597806215722121,0.0,1,2,0,7,320,Start
Bearfoot Beware,9645,919,0.09528252980819077,0,0,25,24,12,13,6,0.001347848626231208,0.0,1,4,0,25,588,Start
Billy Elliot the Musical Live,14327,2581,0.18014936832553918,0,0,5,66,5,20,13,0.0016053605081314999,0.00013959656592447826,1,7,2,4,931,Start
C/2014 E2 (Jacques),8043,2264,0.2814870073355713,0,0,13,29,11,8,2,0.0009946537361680964,0.00012433171702101205,1,3,0,16,528,Start
Carl Roman Abt,5409,1754,0.3242743575522278,2,0,2,42,1,9,11,0.006100942872989462,0.0005546311702717693,1,6,0,3,433,Start
Chief marketing officer,6479,1664,0.2568297576786541,0,0,8,37,6,8,3,0.0007717240314863404,0.0001543448062972681,0,6,0,9,478,Start
Christ Church Cathedral School,8507,2477,0.2911719760197484,0,0,8,59,4,8,10,0.0011755025273304338,0.0,1,6,0,11,568,Start
"Eldorado Township, Stevens County, Minnesota",4897,2969,0.6062895650398203,0,0,2,23,2,8,2,0.00020420665713702266,0.00020420665713702266,1,3,0,2,319,Start
Elizabeth Esther,5101,1096,0.21485983140560674,0,0,7,17,7,9,9,0.001960399921584003,0.0,0,4,0,7,370,Start
Enrique Gratas,6016,1185,0.1969747340425532,0,0,7,60,5,7,9,0.0004986702127659574,0.00016622340425531914,1,7,0,7,486,Start
Escaramuza charra,5997,1927,0.3213273303318326,0,0,4,128,5,3,7,0.0010005002501250625,0.001167250291812573,0,3,0,3,467,Start
Fort Defiance (Massachusetts),7092,1815,0.255922165820643,0,0,10,39,6,6,10,0.002961082910321489,0.00042301184433164127,1,4,2,5,482,Start
Frankie and Johnny (1991 film),16018,2497,0.15588712698214507,0,0,15,106,14,14,18,0.001997752528405544,0.00037457859907603946,1,7,0,14,963,Start
Hettie Ewing,7899,6905,0.8741612862387644,0,0,8,16,8,7,4,0.001012786428661856,0.000126598303582732,1,3,0,1,537,Start
Hugh De Lacy (politician),6734,1144,0.16988416988416988,0,0,6,60,3,13,17,0.000891000891000891,0.0,1,6,1,8,438,Start
Isaac Gilinski Sragowicz,4503,1795,0.398623140128803,0,0,6,36,6,11,11,0.0017765933821896514,0.0,1,5,0,6,350,Start
"Ivor Davies (rugby player, born 1892)",4396,1803,0.4101455868971792,0,0,3,31,4,12,11,0.0009099181073703367,0.0,1,4,1,2,294,Start
Joe Spina,6201,1171,0.18884050959522658,0,0,7,48,5,5,7,0.0016126431220770843,0.00016126431220770844,1,4,0,2,384,Start
John J. Closner III,4670,4390,0.9400428265524625,0,0,0,24,0,7,2,0.0019271948608137045,0.0,1,1,0,1,343,Start
June Lang,7361,893,0.12131503871756555,0,0,4,79,3,15,6,0.0016302132862382828,0.0012226599646787122,1,6,0,3,548,Start
Kan (tribe),2010,210,0.1044776119402985,0,0,3,23,0,4,8,0.005472636815920398,0.0004975124378109452,0,4,0,0,155,Start
Karol Meyer,5128,1219,0.2377145085803432,0,0,2,20,1,12,3,0.00234009360374415,0.00078003120124805,1,5,4,3,429,Start
"Kilkenny Township, Le Sueur County, Minnesota",5472,3371,0.6160453216374269,0,0,3,27,3,9,2,0.0005482456140350877,0.0001827485380116959,1,3,0,3,356,Start
Legacy at Millennium Park,4147,2784,0.6713286713286714,0,0,3,22,2,8,4,0.0014468290330359296,0.0004822763443453099,1,3,0,7,329,Start
Liam Malone,11323,3789,0.33462863198798903,0,0,14,60,14,31,12,0.000883158173628897,0.00017663163472577938,1,5,0,10,541,Start
London Capital Credit Union,11924,1164,0.09761824890976183,0,0,26,40,0,11,4,0.0021804763502180475,0.0001677289500167729,1,5,2,9,658,Start
"Maszkowo, Koszalin County",1654,1458,0.8814993954050786,0,0,1,16,1,13,1,0.0,0.0,1,1,0,1,159,Start
Michael Henry Wilson,6409,465,0.07255422062724294,0,0,4,29,1,6,10,0.0015603058199407083,0.00046809174598221254,0,3,1,4,508,Start
Millipede (video game),8906,1960,0.22007635302043566,0,0,5,70,3,13,17,0.0019088255108915338,0.0005614192679092747,1,6,1,6,604,Start
Namco Tiger Armored Vehicle,2041,1759,0.8618324350808427,0,0,0,11,0,5,3,0.002449779519843214,0.0,1,1,0,0,198,Start
Narciso Ramos,10298,2570,0.24956302194600893,0,0,4,70,1,9,20,0.0014565935133035541,0.0007768498737618955,1,7,1,3,712,Start
Nurul Alam Chowdhury,9362,1472,0.15723136082033753,0,0,10,46,10,8,10,0.0014954069643238624,0.00021362956633198035,1,5,0,8,490,Start
"Oran, Missouri",10398,3350,0.3221773417964993,0,0,13,46,13,11,2,0.00028851702250432774,9.617234083477592e-05,1,7,2,13,583,Start
Orbost railway station,3218,2719,0.8449347420758235,0,0,3,10,3,13,2,0.0074580484773151025,0.0,1,1,0,3,267,Start
Pradeep Choudhary,57,57,1.0,0,0,0,1,0,1,0,0.0,0.0,0,0,0,0,16,Start
Reserve Officer School (Finland),27834,1757,0.06312423654523244,0,0,19,28,0,35,6,0.0026945462384134512,0.00014370913271538407,1,5,0,5,914,Start
Rogier Wassen,5434,1925,0.354251012145749,0,0,0,65,0,41,5,0.000736105999263894,0.000368052999631947,1,2,1,0,370,Start
Salvinia molesta,17043,1350,0.07921140644252772,0,0,15,55,13,8,6,0.001349527665317139,0.00011735023176670773,0,16,3,21,1142,Start
South East Wales,3876,373,0.09623323013415892,0,0,3,45,0,3,1,0.0025799793601651187,0.0,0,5,0,7,285,Start
Sybille Schmitz,7386,641,0.086785810993772,0,0,1,77,1,13,9,0.0016246953696181965,0.0006769564040075819,1,6,1,4,581,Start
Taehungsan Fortress,2620,669,0.2553435114503817,0,0,0,26,0,5,6,0.003435114503816794,0.0,1,5,0,3,242,Start
The Beast (2019 film),5604,1498,0.26730906495360457,0,0,8,30,7,12,5,0.0026766595289079227,0.0,1,6,1,4,492,Start
The Cambridge History of Japan,4712,1514,0.32130730050933787,0,0,9,21,0,5,5,0.0008488964346349745,0.0,1,5,0,5,293,Start
Viscount FitzWilliam,4110,2947,0.7170316301703163,0,0,0,26,0,3,3,0.0019464720194647203,0.0009732360097323601,1,4,0,0,272,Start
WIOE-FM,7133,1887,0.2645450721996355,0,0,13,42,13,9,5,0.0008411608019066311,0.0011215477358755082,1,4,0,8,423,Start
1980 Quebec referendum,27064,1838,0.06791309488619568,0,0,4,79,7,45,9,0.002512562814070352,3.694945314809341e-05,1,15,1,6,1447,Start
2013 New Zealand Derby,6697,1609,0.24025683141705242,0,0,0,36,0,1,4,0.002538450052262207,0.0,0,4,2,0,451,Start
Aboutness,6322,2069,0.32726985131287567,0,0,1,25,1,2,5,0.002847200253084467,0.0,0,3,0,7,488,Start
Alice Schille,8585,2524,0.2940011648223646,0,0,12,41,13,8,16,0.0026790914385556204,0.00023296447291788001,1,3,0,8,581,Start
Ann Lemoine,2516,1774,0.705087440381558,0,0,3,15,3,6,10,0.000397456279809221,0.000397456279809221,0,2,0,3,246,Start
Artsakh national football team,13795,2226,0.16136281261326568,0,0,3,99,3,141,2,0.0005799202609641174,0.0007249003262051468,1,6,2,7,571,Start
Asia Catalyst,11348,752,0.0662671836446951,0,0,11,64,11,2,7,0.0037892139584067676,0.0,0,4,8,7,658,Start
August Ferdinand Bernhardi,3742,1786,0.47728487439871725,0,0,1,27,0,6,7,0.0002672367717797969,0.0005344735435595938,0,4,0,3,328,Start
Bochner integral,7373,231,0.0313305303133053,0,0,1,29,8,5,3,0.00040689000406890003,0.0001356300013563,0,5,0,4,417,Start
Calliostoma conulus,3803,1429,0.37575598211937944,0,0,2,30,0,9,3,0.00236655272153563,0.0005259006047856955,0,4,0,2,320,Start
Cirebon Prujakan railway station,6940,3686,0.5311239193083573,0,0,5,49,4,28,3,0.008933717579250721,0.0,1,4,0,7,411,Start
Cloak and Dagger (1946 film),6818,1865,0.2735406277500733,0,0,5,61,0,7,15,0.0027867409797594604,0.0002933411557641537,1,8,0,2,563,Start
Cullen Loeffler,7797,957,0.12273951519815314,0,0,8,38,8,8,6,0.0015390534821085034,0.0,1,6,0,13,522,Start
Dick Cole (politician),7285,1463,0.2008236101578586,0,0,10,52,5,19,11,0.0012354152367879203,0.00013726835964310226,1,5,0,7,469,Start
Dr. Babasaheb Ambedkar (film),14758,4391,0.29753354113023445,0,0,11,96,10,16,14,0.0037267922482721234,6.775985905949315e-05,1,7,0,9,890,Start
Flylight E-Dragon,4055,970,0.23921085080147966,0,0,1,29,0,12,5,0.0034525277435265103,0.0012330456226880395,1,4,0,1,310,Start
Fred Wolcott,6133,680,0.11087559106473178,0,0,11,39,10,7,8,0.0016305233980107615,0.0,1,5,0,9,383,Start
Free UK Genealogy,7895,1936,0.24521849271690943,0,0,20,23,20,4,2,0.0013932868904369855,0.0006333122229259025,0,7,0,17,479,Start
Glen Magna Farms,2699,2206,0.817339755464987,0,0,0,29,0,5,5,0.002593553167839941,0.0011115227862171174,0,2,0,2,239,Start
Greenland cod,4336,1022,0.2357011070110701,0,0,4,28,1,9,4,0.0006918819188191881,0.00023062730627306272,0,6,0,5,394,Start
Helen Cha-Pyo,6614,5755,0.8701239794375567,0,0,2,40,2,6,13,0.001360749924402782,0.0,0,1,0,4,462,Start
Hooded mannikin,10007,1418,0.14170080943339664,0,0,1,33,0,7,4,0.004396922154491856,0.0,0,3,8,2,606,Start
Interpersonal accuracy,14855,1319,0.08879165264220801,0,0,27,5,27,2,2,0.0010770784247728037,0.0,0,3,0,6,807,Start
James MacKaye,8370,1170,0.13978494623655913,0,0,8,40,0,13,4,0.0032258064516129032,0.0,1,6,0,5,632,Start
"John I, Count of Aumale",1991,1563,0.7850326469111,1,0,0,19,1,6,4,0.0005022601707684581,0.0010045203415369162,1,2,0,0,165,Start
Joseph Wilkie,9539,1867,0.1957228220987525,0,0,12,53,12,14,7,0.0006289967501834574,0.0001048327916972429,1,5,0,2,506,Start
Kenan Cronjé,10002,1395,0.13947210557888423,0,0,20,32,0,49,8,0.0016996600679864027,0.0001999600079984003,1,2,2,0,433,Start
Krafft Arnold Ehricke,8300,982,0.11831325301204819,0,0,7,54,5,9,22,0.0018072289156626507,0.00012048192771084337,1,6,0,11,644,Start
Lake Karrinyup Country Club,5275,1421,0.2693838862559242,0,0,6,17,6,8,3,0.001137440758293839,0.0001895734597156398,1,4,3,3,420,Start
Let the Wind Blow,4945,1666,0.3369059656218402,0,0,8,39,7,13,7,0.0032355915065722953,0.0,1,5,0,8,389,Start
Manny Fernandez (ice hockey),10950,902,0.08237442922374429,0,0,2,120,1,10,17,0.00045662100456621003,0.0,1,6,2,1,599,Start
Moores School of Music,10461,2980,0.28486760347959084,3,0,5,47,0,8,5,0.0015294904884810248,0.00028677946659019213,1,8,0,7,653,Start
Municipal charter,4569,1054,0.2306850514335741,0,0,1,45,1,9,7,0.0013131976362442547,0.0006565988181221273,0,10,0,1,310,Start
National Farm Safety & Health Week,5671,655,0.11549991183212838,0,0,7,21,6,6,2,0.0012343502027861047,0.00035267148651031563,1,4,0,8,381,Start
New Durham Town Hall,3362,971,0.28881618084473526,0,0,2,19,1,8,10,0.002082093991671624,0.000297441998810232,1,3,0,0,257,Start
News agency,18568,2556,0.13765618267987936,0,0,10,189,3,131,3,0.0011309780267126238,0.00016156828953037484,0,9,0,10,1199,Start
Normal space,10844,621,0.05726669125783843,0,0,1,89,5,7,3,0.001014385835485061,0.00046108447067502766,0,7,0,1,486,Start
Once Upon a Time (Disney parks),14331,3225,0.2250366338706301,0,0,7,112,7,4,3,0.00558230409601563,0.004047170469611332,1,7,3,7,704,Start
Raid on Ghadames,6821,2628,0.3852807506230758,0,0,11,31,11,8,4,0.002345697111860431,0.0,1,3,0,11,446,Start
Richard Storrs Willis,3391,546,0.1610144500147449,0,0,3,26,0,11,9,0.0017693895606015924,0.0005897965202005308,0,5,0,2,310,Start
Rocky Mountain Athletic Conference,35615,1229,0.034507932051102065,0,0,5,238,1,375,4,0.0019935420468903554,0.00016846834199073425,1,8,8,4,874,Start
Roman Catholic Diocese of Pittsburgh,47435,4420,0.09318014124591546,0,0,56,207,50,35,6,0.0021713924317487087,2.1081479919890375e-05,1,10,14,28,1948,Start
Spotted barb,4068,2257,0.5548180924287119,0,0,3,28,0,5,4,0.0019665683382497543,0.0004916420845624386,0,7,0,4,349,Start
"St. Patrick's Church, Halifax",7379,2371,0.32131725166011654,0,0,6,31,0,8,5,0.004743190134164521,0.0002710394362379726,1,6,3,7,457,Start
Thakin Than Tun,9617,1742,0.18113756888842675,0,0,3,63,3,18,6,0.002287615680565665,0.0002079650618696059,1,6,0,5,683,Start
The Greatest (2009 film),6939,1216,0.17524138924917135,0,0,6,46,6,10,12,0.0031704856607580345,0.00014411298457991066,1,5,0,7,529,Start
Ursula Martin,8526,3345,0.392329345531316,0,0,17,85,8,22,20,0.0017593244194229415,0.0003518648838845883,1,3,2,13,489,Start
Werner Krauss,18239,1534,0.08410548823948681,0,0,3,233,3,21,9,0.0013158616152201326,0.0004934481057075498,1,7,0,3,1160,Start
Who Killed Cock Robin (film),7464,3185,0.4267148981779207,0,0,9,41,8,13,6,0.004153269024651661,0.0001339764201500536,1,7,0,10,575,Start
Xin Lu,10154,1029,0.10133937364585385,0,0,10,23,22,14,7,0.0007878668505022651,9.848335631278314e-05,1,5,0,8,672,Start
1963 Bolivian Primera División,2840,780,0.2746478873239437,0,0,0,23,0,6,3,0.00528169014084507,0.00035211267605633805,1,3,0,2,195,Stub
A Briefer History of Time (Hawking and Mlodinow book),1906,1128,0.5918153200419727,0,0,1,18,1,7,5,0.001049317943336831,0.0,1,2,0,2,159,Stub
A Moment Changes Everything,4691,4108,0.8757194628011085,0,0,4,14,3,10,5,0.002984438286079727,0.0008526966531656363,1,3,0,5,343,Stub
Alan Fersht,21286,8308,0.39030348585925023,0,0,34,152,27,57,22,0.0019731278774781547,0.0003758338814244104,1,4,2,18,1090,Stub
Albert Palmer (Canadian politician),875,419,0.47885714285714287,0,0,0,7,0,2,1,0.0,0.0,0,2,0,1,102,Stub
Ann Arbor Public Schools,8327,2655,0.31884232016332414,0,0,11,22,4,19,4,0.001921460309835475,0.00036027380809415153,1,6,4,8,501,Stub
Attila Kun,4026,2364,0.587183308494784,0,0,1,40,0,13,15,0.0004967709885742673,0.0029806259314456036,1,3,0,1,318,Stub
"Brookfield, Renfrewshire",2551,1150,0.4508036064288514,0,0,2,22,1,9,1,0.0015680125441003528,0.0,1,3,0,3,222,Stub
China Discotica,2043,1345,0.6583455702398434,0,0,1,16,1,9,4,0.0019579050416054823,0.0,1,2,0,2,187,Stub
Coalition of Latino and Latina Scholars,3640,1946,0.5346153846153846,0,0,2,11,0,4,2,0.0005494505494505495,0.0,0,3,0,2,271,Stub
Earth & Sea,4670,1218,0.26081370449678803,0,0,2,18,2,34,2,0.0008565310492505353,0.0,1,4,0,2,303,Stub
Ebrahim Khan Afshar,1619,1213,0.7492279184681903,0,0,0,13,0,2,8,0.0037059913526868438,0.0006176652254478073,0,1,0,0,168,Stub
FBW Dreiachskipper Type 80-N,1838,1591,0.8656147986942329,0,0,1,10,0,6,4,0.000544069640914037,0.000544069640914037,1,1,0,0,179,Stub
FC Feniks-Illichovets Kalinine,6001,1201,0.2001333111148142,0,0,3,33,3,11,7,0.0056657223796034,0.0004999166805532411,1,6,0,3,367,Stub
For All My Sisters,6573,4463,0.6789898067853339,0,0,13,34,10,18,3,0.0006085501293169025,0.0,1,5,0,11,454,Stub
Foreign Beggars,18906,3280,0.17348989738707288,0,0,7,82,7,10,9,0.0011107584893684545,0.0002115730455939913,1,8,30,10,1117,Stub
Gabriel Ochoa Uribe,4783,1867,0.39034079029897556,0,0,2,53,0,9,14,0.0002090738030524775,0.0,1,6,0,2,291,Stub
"Gahru, Hormozgan",1650,1471,0.8915151515151515,0,0,1,18,0,9,1,0.0,0.0,1,1,0,0,120,Stub
George William Allan (Manitoba politician),2383,850,0.35669324381032314,0,0,2,27,0,10,4,0.0,0.0,1,3,0,1,195,Stub
Hendershots Heliport,1065,910,0.8544600938967136,0,0,0,7,0,5,2,0.0028169014084507044,0.0,1,1,0,0,100,Stub
Johann Langquist,110,108,0.9818181818181818,0,0,0,2,0,2,0,0.0,0.0,0,0,0,0,23,Stub
Kikuchi Valley,2323,1141,0.49117520447696944,0,0,1,17,1,8,3,0.002152389151958674,0.0008609556607834697,0,2,0,1,222,Stub
Kilfian GAA,931,586,0.6294307196562836,0,0,0,4,0,8,2,0.0,0.0,1,4,0,0,82,Stub
Lioglyphostoma rectilabrum,1355,536,0.3955719557195572,0,0,1,8,1,9,2,0.0007380073800738007,0.0007380073800738007,0,4,0,2,135,Stub
Litsea cinerascens,805,294,0.3652173913043478,0,0,1,9,0,4,5,0.0012422360248447205,0.0,0,1,0,2,89,Stub
Lomaphorus,1647,1055,0.6405585913782635,0,0,2,18,1,4,9,0.0012143290831815423,0.0012143290831815423,0,2,0,1,168,Stub
Medicilândia,4217,3937,0.933602086791558,0,0,4,12,4,7,1,0.00023713540431586437,0.0,1,2,0,4,257,Stub
Mesopsocus,5727,380,0.06635236598568185,0,0,4,71,4,9,2,0.0005238344683080147,0.00017461148943600488,0,3,0,4,265,Stub
Michael Domingo,5990,965,0.16110183639398998,0,0,10,34,9,8,7,0.002337228714524207,0.000333889816360601,1,3,0,6,420,Stub
Moussadou,3087,2871,0.9300291545189504,0,0,1,12,1,7,1,0.0,0.0,1,1,0,1,168,Stub
Myaungmya,4277,2317,0.5417348608837971,0,0,1,23,1,12,2,0.004909983633387889,0.0,1,2,0,2,313,Stub
Norwood College,3336,2866,0.8591127098321343,0,0,3,13,3,6,6,0.002398081534772182,0.00029976019184652276,0,2,0,2,286,Stub
Patrik Csoór,1719,1239,0.7207678883071553,0,0,1,16,1,11,6,0.0011634671320535194,0.0011634671320535194,1,2,0,3,172,Stub
Phillip Morris Napier,78,78,1.0,0,0,0,1,0,1,0,0.01282051282051282,0.0,0,0,0,0,16,Stub
Polyphenylsulfone,1984,355,0.17893145161290322,0,0,4,11,0,4,3,0.0015120967741935483,0.0,0,3,0,4,214,Stub
Roland Boudreau,1949,1650,0.8465879938429964,0,0,2,12,2,6,5,0.001026167265264238,0.0,1,1,0,2,167,Stub
Ruthwell railway station,4339,1596,0.3678266881769993,0,0,4,30,2,14,7,0.00944918183913344,0.0004609356994699239,1,4,0,3,329,Stub
Saint-Étienne-de-Fursac,1950,1274,0.6533333333333333,0,0,2,9,0,11,1,0.0035897435897435897,0.0015384615384615385,1,3,0,2,225,Stub
San Juan Puerto Rico Temple,3787,411,0.10852917876947452,0,0,6,18,2,5,2,0.003960918933192501,0.0,0,4,0,5,268,Stub
Santa Margherita di Atri,3524,2372,0.6730987514188422,0,0,0,13,0,11,1,0.0011350737797956867,0.0005675368898978433,1,3,0,0,241,Stub
Siloam daylilies,1556,451,0.2898457583547558,0,0,0,4,0,5,1,0.0019280205655526992,0.0,0,3,0,3,138,Stub
Snejina Michailova,4089,1780,0.43531425776473465,0,0,2,23,2,11,6,0.003912937148447053,0.0,1,4,0,3,295,Stub
Socialism and Liberty Party,19096,4665,0.24429199832425638,0,0,7,159,6,61,4,0.001152073732718894,0.0006284038542103058,1,5,10,7,1088,Stub
Sun Kwok,5031,733,0.1456966805804015,0,0,4,10,5,10,4,0.0011926058437686344,0.0,0,6,0,3,421,Stub
Sökespor Kulübü,1748,1040,0.5949656750572082,0,0,1,14,0,7,2,0.0005720823798627002,0.0,1,4,0,3,166,Stub
The Spanish Sessions EP,1645,1136,0.6905775075987842,0,0,0,15,0,3,2,0.0012158054711246201,0.0,1,2,0,0,147,Stub
Tillandsia × floridana,1758,1498,0.8521046643913538,0,0,4,20,0,6,4,0.0017064846416382253,0.0005688282138794084,0,1,0,4,158,Stub
Youssef Kalfa,4946,2006,0.4055802668823292,0,0,5,58,3,12,22,0.00303275374039628,0.0,1,4,3,4,329,Stub
Yu Sang-hun,2714,1111,0.40935887988209285,0,0,3,23,3,12,8,0.00036845983787767134,0.0018422991893883567,1,4,0,2,252,Stub
Zenon Różycki,1306,779,0.5964777947932619,0,0,1,11,0,7,6,0.0,0.0,0,2,0,3,129,Stub
...And They Shall Take Up Serpents,2497,1558,0.6239487384861834,0,0,3,16,0,10,3,0.00040048057669203043,0.0,1,4,0,3,226,Stub
11th National Hockey League All-Star Game,4493,883,0.1965279323391943,0,0,0,84,1,19,7,0.00022256843979523704,0.0004451368795904741,1,4,0,0,287,Stub
1974 Úrvalsdeild,1911,215,0.11250654107796965,0,0,0,18,0,7,4,0.004709576138147566,0.0,0,3,0,1,163,Stub
Acer campbellii,1739,1525,0.8769407705577918,0,0,2,21,1,11,2,0.002875215641173088,0.0,0,1,0,2,187,Stub
Ahmet Can Arık,1987,988,0.4972320080523402,0,0,1,20,1,9,11,0.0,0.0,1,3,0,1,183,Stub
Amber van der Hulst,2765,2256,0.8159132007233273,0,0,4,17,4,19,7,0.0014466546112115732,0.0,1,2,0,5,214,Stub
Anne Weyman,5897,2618,0.44395455316262505,0,0,8,25,13,13,3,0.0016957775139901645,0.0005087332541970493,1,5,0,7,385,Stub
Bachubhai Khabad,2468,2118,0.8581847649918962,0,0,4,15,1,5,6,0.004457050243111832,0.0,1,1,0,5,186,Stub
Barsaman Pun,7084,2451,0.34599096555618297,0,0,9,44,9,4,8,0.0015527950310559005,0.0,1,5,0,10,486,Stub
Bill Shenfield,2142,1641,0.7661064425770309,0,0,2,18,2,13,7,0.00046685340802987864,0.00046685340802987864,1,2,0,1,185,Stub
Bodislavci,4575,3892,0.8507103825136612,0,0,3,13,1,8,1,0.0004371584699453552,0.0002185792349726776,1,3,0,3,246,Stub
Bolați,2196,1984,0.9034608378870674,0,0,0,14,0,15,3,0.0,0.0,1,1,0,0,133,Stub
Boudina Mostefa,1023,724,0.70772238514174,0,0,2,6,0,5,3,0.0,0.0,0,2,0,3,91,Stub
Boô-Silhen,1577,1083,0.6867469879518072,0,0,0,7,0,13,1,0.0,0.0006341154090044388,1,3,0,1,148,Stub
"Brazil Lake, Nova Scotia",685,685,1.0,0,0,0,7,0,3,2,0.0,0.0,0,0,0,0,72,Stub
CLCN4,6419,753,0.1173079918990497,0,0,3,10,15,9,1,0.0012463000467362517,0.0,1,6,0,1,555,Stub
Cajvana,2282,1749,0.766432953549518,0,0,1,9,1,13,3,0.0017528483786152498,0.0,1,2,0,5,235,Stub
Chlorochromodes,706,290,0.41076487252124644,0,0,0,8,1,3,1,0.0,0.0,0,1,0,1,93,Stub
Cwm Caner Mawr,70,70,1.0,0,0,0,1,0,0,0,0.014285714285714285,0.0,0,0,0,0,13,Stub
Danielle Matthews,3162,2834,0.8962681846932321,0,0,8,13,8,7,6,0.001265022137887413,0.0,0,1,0,7,276,Stub
Don E. Albrecht,3896,1898,0.48716632443531827,0,0,2,15,2,5,8,0.0007700205338809035,0.0,0,2,0,3,310,Stub
Gemmula vagata,1042,871,0.8358925143953935,0,0,1,18,0,8,2,0.0009596928982725527,0.0009596928982725527,0,1,0,0,94,Stub
Hong Kong women's national cricket team,12418,1758,0.14156869061040425,0,0,14,104,10,37,5,0.0009663391850539539,0.0,1,7,4,10,538,Stub
Hvassaleitisskóli,702,378,0.5384615384615384,0,0,0,8,0,3,4,0.0,0.0,0,1,0,0,95,Stub
Ivurawala,2236,1896,0.8479427549194991,0,0,0,7,0,4,1,0.0008944543828264759,0.0,1,2,0,1,135,Stub
Jack Ashton,1379,1053,0.7635968092820885,0,0,3,7,3,4,5,0.0014503263234227702,0.0,0,2,0,3,148,Stub
Jack Downey,1056,506,0.4791666666666667,0,0,1,12,0,7,7,0.007575757575757576,0.0,0,2,0,1,98,Stub
Janaka Rathnayake,2058,1694,0.8231292517006803,0,0,3,11,3,9,5,0.0,0.0,1,2,0,1,146,Stub
Killimangalam,3801,3535,0.9300184162062615,0,0,1,17,1,12,1,0.0013154433043935806,0.0,1,2,0,2,257,Stub
Mezzoloth,89,89,1.0,0,0,0,1,0,0,0,0.0,0.0,0,0,0,0,16,Stub
Mint Julep (film),2715,2066,0.7609576427255985,0,0,1,27,1,12,5,0.002578268876611418,0.00036832412523020257,1,4,0,2,249,Stub
Museum of Toys and Automata,2579,2228,0.8639007367196588,0,0,2,13,2,5,5,0.0023264831329972858,0.0,1,1,0,1,234,Stub
Nectandra sordida,831,323,0.38868832731648617,0,0,1,11,0,4,5,0.0012033694344163659,0.0,0,1,0,2,90,Stub
Nicholas Frankau,2067,862,0.417029511369134,0,0,1,33,0,9,7,0.0024189646831156266,0.0,1,3,0,1,198,Stub
Niederalben,32850,1058,0.03220700152207002,0,0,23,238,1,7,2,0.002526636225266362,0.00042617960426179604,1,8,21,6,1635,Stub
Nikolai Chagin,1525,1048,0.6872131147540984,0,0,0,27,0,6,8,0.003278688524590164,0.0006557377049180328,0,1,0,0,149,Stub
Prasenjit Duara,7478,2703,0.3614602834982616,0,0,8,31,8,8,9,0.001470981545867879,0.0,0,5,0,12,483,Stub
Raphitoma boutillieri,1720,714,0.41511627906976745,0,0,1,10,1,8,2,0.0017441860465116279,0.0011627906976744186,0,4,0,2,197,Stub
Sag Harbor station,3438,2980,0.8667830133798721,0,0,3,23,1,11,5,0.005526468877254218,0.0,1,2,0,2,273,Stub
Schonchin Butte,7116,2018,0.28358628442945477,0,0,5,47,3,14,9,0.004356379988757729,0.0002810567734682406,1,3,0,1,527,Stub
Soho Media,1067,899,0.8425492033739457,0,0,0,17,0,2,2,0.0028116213683223993,0.0018744142455482662,1,1,0,1,119,Stub
St. Peter's Umbrella (1958 film),2543,1513,0.5949665749115218,0,0,0,50,0,4,11,0.0007864726700747149,0.0007864726700747149,1,2,0,0,214,Stub
Stigmella resplendensella,1184,727,0.6140202702702703,0,0,0,15,0,3,2,0.0,0.0,0,1,0,3,124,Stub
Storage record,1243,1062,0.8543845534995977,0,0,0,16,0,1,1,0.004022526146419952,0.0,0,1,0,0,137,Stub
Tarnöyüt,1259,1068,0.8482922954725973,0,0,0,7,0,9,1,0.004765687053216839,0.0,1,1,0,0,113,Stub
"The Good, the Bad, the Sexy",6245,2259,0.36172938350680545,0,0,7,20,5,32,2,0.0009607686148919135,0.0,1,4,2,5,422,Stub
Tommy Valentine,2575,143,0.05553398058252427,0,0,5,20,5,4,9,0.0007766990291262136,0.0,0,5,0,5,234,Stub
Tonica citrantha,1933,1793,0.9275737196068288,0,0,3,9,0,5,2,0.002586652871184687,0.0,0,1,0,2,206,Stub
Twyning,6255,3666,0.5860911270983213,0,0,9,30,5,11,1,0.0015987210231814548,0.000319744204636291,1,5,0,7,503,Stub
Why? (American band),8897,1743,0.1959087332808812,0,0,9,65,9,13,6,0.0008991794987074295,0.00022479487467685737,1,6,5,10,556,Stub
